output,status,land,labor,labor_family,labor_hired,seed,urea,phosphate,pesticide,region
7980,owner,3,2915,40,2875,90,900,80,6000,wargabinangun
4083,owner,2,2155,45,2110,40,600,0,3000,wargabinangun
2650,owner,1,1075,95,980,100,700,150,5000,wargabinangun
4500,owner,2,2091,10,2081,60,600,100,5000,wargabinangun
16300,share,3.572,3889,1,3889,105,400,400,10200,wargabinangun
17424,share,3.572,3519,1,3519,105,400,400,10200,wargabinangun
3840,mixed,1.42,810,140,670,50,120,0,0,wargabinangun
2800,mixed,1.42,855,50,805,20,100,0,0,wargabinangun
950,mixed,0.428,460,80,380,15,150,50,900,wargabinangun
240,owner,0.214,109,69,40,7,50,0,0,wargabinangun
1500,share,0.428,230,20,210,15,100,50,2000,wargabinangun
2280,share,0.428,180,1,180,15,100,50,2000,wargabinangun
280,owner,0.1,118,108,10,5,20,0,0,wargabinangun
940,owner,0.286,163,63,100,10,75,0,0,wargabinangun
240,owner,0.07,80,57,23,10,15,0,0,wargabinangun
848,share,0.307,278,206,72,7,60,10,350,wargabinangun
480,owner,0.086,76,61,15,5,50,25,2000,wargabinangun
420,owner,0.086,54,39,15,5,40,10,500,wargabinangun
1200,owner,0.286,265,233,32,10,50,0,0,wargabinangun
960,owner,0.286,263,231,32,10,50,0,0,wargabinangun
360,owner,0.284,130,65,65,10,100,0,0,wargabinangun
720,owner,0.357,350,350,1,10,100,0,450,wargabinangun
1480,owner,0.357,178,178,1,10,100,50,1500,wargabinangun
1880,owner,0.357,92,92,1,10,100,90,0,wargabinangun
1240,mixed,0.286,206,133,73,5,25,0,0,wargabinangun
780,mixed,0.17,193,78,115,5,25,0,0,wargabinangun
1200,mixed,0.56,550,65,485,25,150,0,0,wargabinangun
750,owner,0.286,130,55,75,5,50,0,0,wargabinangun
3000,owner,0.357,176,140,36,20,150,100,4800,wargabinangun
2400,owner,0.357,120,85,35,12,150,100,4150,wargabinangun
887,share,0.18,156,126,30,5,100,0,0,wargabinangun
1553,share,0.36,262,212,50,10,75,0,0,wargabinangun
716,share,0.355,452,304,148,20,40,0,0,wargabinangun
480,share,0.14,166,110,56,10,40,0,0,wargabinangun
300,share,0.052,98,94,4,4,30,0,1200,wargabinangun
200,share,0.052,46,46,1,4,30,0,1200,wargabinangun
1080,owner,0.27,384,284,100,10,75,25,300,wargabinangun
1260,owner,0.27,254,204,50,10,60,10,300,wargabinangun
1200,owner,0.28,383,81,302,20,100,20,650,wargabinangun
600,owner,0.286,380,85,295,10,60,10,1920,wargabinangun
960,owner,0.179,292,177,115,10,125,50,1600,wargabinangun
1200,owner,0.129,203,113,90,7,100,25,900,wargabinangun
2100,share,0.714,407,182,225,20,50,0,0,wargabinangun
1867,share,0.714,580,190,390,30,80,0,0,wargabinangun
1200,share,0.355,239,209,30,15,75,0,0,wargabinangun
1200,mixed,0.571,216,116,100,15,100,0,0,wargabinangun
480,owner,0.086,108,88,20,7,25,10,0,wargabinangun
280,owner,0.082,76,56,20,10,5,1,0,wargabinangun
600,owner,0.18,136,35,101,7,40,0,0,wargabinangun
3000,owner,0.888,565,55,510,35,70,0,0,wargabinangun
840,owner,0.377,367,207,160,12,150,0,0,wargabinangun
660,owner,0.371,170,60,110,25,100,10,500,wargabinangun
2700,owner,0.681,213,103,110,10,100,50,2000,wargabinangun
1925,owner,0.281,148,98,50,10,100,50,0,wargabinangun
250,share,0.071,110,60,50,5,35,0,0,wargabinangun
220,share,0.071,130,80,50,5,35,0,0,wargabinangun
480,share,0.142,149,5,144,6,65,0,0,wargabinangun
360,owner,0.143,156,86,70,10,30,0,0,wargabinangun
600,owner,0.129,99,91,8,5,50,25,2325,wargabinangun
600,owner,0.129,86,78,8,5,50,25,2325,wargabinangun
940,owner,0.357,399,89,310,10,100,50,0,wargabinangun
920,owner,0.357,429,199,230,10,100,50,0,wargabinangun
550,owner,0.355,273,44,229,10,100,0,0,wargabinangun
540,owner,0.357,120,58,62,15,90,0,0,wargabinangun
725,owner,0.157,135,135,1,5,50,50,1000,wargabinangun
800,owner,0.157,109,109,1,5,50,25,0,wargabinangun
1600,share,0.714,530,20,510,30,150,50,0,wargabinangun
1800,share,0.714,650,40,610,30,150,50,0,wargabinangun
840,share,0.286,270,10,260,15,100,20,0,wargabinangun
600,owner,0.357,228,20,208,15,75,25,650,wargabinangun
1800,owner,0.357,265,30,235,10,150,50,4000,wargabinangun
1600,owner,0.357,215,15,200,10,150,50,5000,wargabinangun
1500,owner,0.714,483,58,425,20,100,0,0,wargabinangun
1600,owner,0.714,438,53,385,20,100,0,0,wargabinangun
840,owner,0.355,450,20,430,25,25,5,0,wargabinangun
800,owner,0.536,471,91,380,20,200,0,0,wargabinangun
3000,owner,0.643,480,180,300,16,150,50,0,wargabinangun
2800,owner,0.643,375,44,331,16,150,50,0,wargabinangun
960,share,0.357,380,75,305,20,50,10,0,wargabinangun
1800,share,0.357,345,65,280,20,100,50,0,wargabinangun
960,share,0.357,340,35,305,15,100,50,1200,wargabinangun
1400,share,0.5,313,43,270,13,100,50,2000,wargabinangun
5800,owner,1.428,1185,131,1054,60,350,150,12600,wargabinangun
4600,owner,1.428,762,103,659,60,350,150,12600,wargabinangun
3600,owner,1.071,1110,55,1055,50,250,50,1500,wargabinangun
3240,owner,1.071,1305,65,1240,50,250,50,1500,wargabinangun
360,owner,0.179,98,54,44,5,50,20,0,wargabinangun
300,owner,0.09,86,66,20,4,10,0,0,wargabinangun
300,owner,0,132,132,1,2,10,15,0,wargabinangun
200,owner,0,80,80,1,5,10,15,0,wargabinangun
1800,owner,1.286,635,136,499,40,100,0,0,wargabinangun
2800,owner,1.286,448,117,331,40,150,0,0,wargabinangun
1200,owner,0.533,345,55,290,30,125,50,0,wargabinangun
560,owner,0.355,232,82,150,15,125,25,600,wargabinangun
2400,owner,0.571,444,384,60,50,150,50,4800,wargabinangun
2400,owner,0.571,222,178,44,30,150,50,4000,wargabinangun
900,owner,0.357,332,107,225,15,15,0,0,wargabinangun
1800,owner,0.714,377,127,250,15,25,0,0,wargabinangun
1500,owner,1.065,905,380,525,30,250,0,0,wargabinangun
3600,owner,1.071,302,52,250,40,300,0,0,wargabinangun
2160,owner,0.535,418,112,306,15,150,50,3000,wargabinangun
2300,owner,0.535,450,234,216,15,150,50,3000,wargabinangun
940,share,0.357,317,57,260,15,75,0,0,wargabinangun
920,share,0.357,185,55,130,15,75,0,0,wargabinangun
560,share,0.357,325,90,235,20,20,0,0,wargabinangun
400,owner,0.357,160,10,150,20,50,0,0,wargabinangun
2600,share,0.357,384,119,265,14,70,50,1600,wargabinangun
720,share,0.357,185,1,185,14,100,50,1600,wargabinangun
11667,owner,3.57,3410,140,3270,100,1250,250,0,wargabinangun
11667,owner,3.57,1760,140,1620,1250,1250,250,0,wargabinangun
12000,owner,5,2775,125,2650,100,1000,0,0,wargabinangun
5000,mixed,3.571,1550,1,1550,125,700,300,9000,wargabinangun
4200,owner,0.714,593,45,548,25,200,100,3000,wargabinangun
4200,owner,0.714,495,47,448,25,200,100,3000,wargabinangun
1800,owner,0.56,266,73,193,20,75,25,0,langan
1600,owner,0.56,154,84,70,20,50,0,0,langan
750,owner,0.357,456,376,80,20,75,25,0,langan
2000,share,1,456,56,400,30,200,0,0,langan
3660,mixed,0.714,410,120,290,50,100,100,1200,langan
2400,mixed,0.714,242,124,118,50,100,100,1200,langan
2220,owner,0.577,543,193,350,40,150,25,0,langan
1752,owner,0.577,241,173,68,30,1,0,0,langan
870,owner,0.5,324,48,276,25,125,25,2100,langan
975,owner,0.5,386,286,100,15,150,50,650,langan
4320,owner,0.5,430,190,240,30,100,100,2000,langan
1880,owner,0.5,312,224,88,30,50,50,0,langan
2700,owner,0.5,315,83,232,30,75,25,0,langan
1800,owner,0.5,567,440,127,15,50,0,0,langan
460,owner,0.357,200,40,160,15,100,25,0,langan
1800,owner,0.5,269,29,240,25,50,0,0,langan
3600,owner,0.714,520,40,480,60,475,50,3000,langan
1400,owner,0.357,196,24,172,30,200,25,1500,langan
840,owner,0.21,191,165,26,8,100,25,500,langan
480,owner,0.21,205,175,30,8,20,0,0,langan
180,owner,0.214,116,96,20,10,15,0,0,langan
350,owner,0.286,331,277,54,6,1,0,0,langan
1800,owner,0.357,228,113,115,20,75,0,1000,langan
1300,owner,0.357,190,70,120,15,50,0,0,langan
14400,owner,5.322,4774,238,4536,310,450,75,75,langan
6010,owner,2.898,2012,134,1878,160,300,50,500,langan
4620,owner,2.923,2782,584,2198,174,750,150,2400,langan
7920,owner,2.13,2406,195,2211,100,150,0,0,langan
6840,owner,1.286,1100,730,370,95,600,200,2000,langan
1250,owner,0.357,182,182,1,15,20,5,0,langan
7000,owner,1.82,1483,120,1363,115,480,95,0,langan
2160,owner,1.47,661,92,569,45,190,35,0,langan
3480,owner,2.1,2568,48,2520,40,225,25,1500,langan
3000,owner,1.429,603,43,560,50,150,50,0,langan
20960,owner,3.929,3450,592,2858,138,800,700,7500,langan
6000,owner,1.786,1096,256,840,63,250,0,0,langan
350,owner,0.06,90,84,6,5,40,10,0,langan
190,owner,0.06,133,118,15,8,25,0,0,langan
300,owner,0.07,135,135,1,2,25,0,0,langan
240,owner,0.071,82,66,16,3,20,2,1000,langan
10800,mixed,2.493,1628,728,900,95,550,300,10500,langan
5760,mixed,1.714,764,476,288,65,375,125,7200,langan
4800,owner,1.356,713,426,287,75,150,0,0,langan
1440,owner,0.638,369,271,98,25,100,0,0,langan
975,owner,0.572,334,110,224,25,150,50,1500,langan
600,owner,0.285,185,185,1,25,1,0,0,langan
3600,owner,1,696,592,104,70,250,50,1500,langan
3800,owner,1,530,530,1,30,150,50,0,langan
1500,owner,0.496,428,366,62,20,120,10,0,langan
600,owner,0.286,177,177,1,10,1,0,0,langan
800,owner,0.357,392,352,40,18,150,50,0,langan
250,owner,0.098,110,94,16,6,25,0,0,langan
700,owner,0.143,162,82,80,25,25,25,1500,langan
480,owner,0.143,153,82,71,10,25,25,1500,langan
15000,owner,3.5,4213,1364,2849,140,700,200,310,langan
2400,owner,1,357,196,161,30,200,0,2000,langan
12100,owner,3.59,3836,1462,2374,210,1000,100,3200,langan
3500,owner,0.84,348,193,155,30,200,25,0,langan
12000,owner,3,2337,1526,811,160,900,100,4400,langan
9000,owner,3,2250,980,1270,90,600,100,2600,langan
1200,owner,0.28,297,10,287,12,60,10,200,langan
360,owner,0.28,132,12,120,8,25,0,0,langan
420,owner,0.2,131,85,46,12,80,20,0,langan
420,owner,0.28,130,29,101,8,75,0,0,langan
900,share,0.2,251,216,35,16,75,25,1200,langan
480,owner,0.2,197,162,35,16,25,0,600,langan
6000,owner,1,896,91,805,75,250,50,800,langan
3600,owner,1,559,69,490,70,200,50,0,langan
1200,owner,1,576,48,528,20,300,100,300,langan
3600,owner,1,377,68,309,40,300,100,1800,langan
8400,owner,1.571,1224,130,1094,50,500,100,8000,langan
6600,owner,1.571,600,45,555,40,350,150,7500,langan
1200,owner,0.286,292,35,257,10,50,10,0,langan
1080,owner,0.286,207,18,189,10,25,0,0,langan
260,owner,0.142,148,72,76,10,50,0,0,langan
350,owner,0.28,185,114,71,8,10,0,0,langan
640,owner,0.143,124,68,56,8,51,25,1800,langan
360,owner,0.143,102,70,32,5,25,25,1800,langan
2040,owner,0.772,612,193,419,30,50,10,0,langan
664,owner,0.352,287,245,42,10,25,0,0,langan
1420,owner,0.858,516,468,48,60,100,40,0,langan
390,owner,0.357,132,132,1,12,30,0,0,langan
2400,owner,0.572,872,548,224,82,150,68,900,langan
1800,owner,0.572,396,300,96,20,110,40,1000,langan
420,owner,0.11,106,76,30,3,40,0,0,langan
300,owner,0.11,77,42,35,3,40,0,0,langan
300,owner,0.214,116,36,80,5,50,10,0,langan
280,owner,0.143,243,213,30,5,25,0,0,langan
360,owner,0.071,112,8,104,7,50,20,2500,langan
300,owner,0.071,63,11,52,5,25,10,0,langan
950,mixed,0.429,227,171,56,14,90,10,900,langan
840,mixed,0.286,102,75,27,9,40,0,0,langan
1350,mixed,0.965,488,344,144,40,225,100,200,langan
960,owner,0.286,185,147,38,10,100,50,150,langan
3800,owner,0.714,687,300,387,22,125,125,1800,langan
3240,owner,0.964,401,297,104,28,200,200,2700,langan
10200,owner,4.07,3124,1080,2044,250,600,0,0,langan
600,owner,0.143,119,94,25,3,25,0,0,langan
4900,owner,3.643,2931,851,2080,200,400,0,0,langan
840,owner,0.286,190,58,132,10,75,0,0,langan
1440,owner,0.286,160,52,108,25,100,50,0,langan
960,owner,0.286,151,32,119,12,70,45,0,langan
3150,owner,1.143,942,726,216,40,1,0,0,langan
225,owner,0.143,95,81,14,2,1,0,0,langan
900,owner,0.5,448,448,1,20,1,0,0,langan
270,owner,0.143,245,229,16,10,25,0,0,langan
4800,share,0.714,384,160,224,84,150,50,3000,langan
1680,share,0.429,232,152,80,40,150,50,0,langan
1205,owner,0.636,357,239,118,15,20,0,0,langan
210,owner,0.143,83,75,8,3,10,0,0,langan
800,owner,0.5,436,246,140,15,100,0,0,langan
550,owner,0.143,349,298,51,15,100,0,0,langan
980,owner,0.214,120,88,32,5,40,10,1500,langan
360,owner,0.214,80,80,1,4,25,5,0,langan
1500,owner,0.286,198,114,84,8,100,12,200,langan
480,owner,0.286,156,86,70,9,10,0,0,langan
540,owner,0.286,224,199,25,10,100,25,200,langan
960,owner,0.286,306,261,45,12,50,10,0,langan
4440,owner,0.786,468,348,120,30,300,100,10900,langan
840,owner,0.286,152,104,48,10,100,50,2000,langan
4560,mixed,1.28,699,249,450,58,220,75,0,langan
2340,mixed,1.28,402,166,236,30,100,0,0,langan
1280,mixed,0.714,552,88,464,15,250,50,0,langan
1800,owner,0.71,428,104,324,20,150,50,0,langan
4200,owner,0.714,426,186,240,60,300,50,1000,langan
2400,owner,0.714,516,164,352,40,100,100,1500,langan
240,owner,0.064,87,79,8,7,20,0,0,langan
216,owner,0.064,57,49,8,6,10,0,0,langan
400,owner,0.28,250,169,81,18,60,0,0,langan
450,owner,0.128,118,108,10,9,50,25,0,langan
720,owner,0.057,100,74,26,13,50,50,1000,langan
360,owner,0.057,125,109,16,5,50,50,0,langan
1200,owner,0.28,219,29,190,10,80,25,0,langan
660,owner,0.28,197,3,194,10,40,0,0,langan
620,owner,0.357,252,16,236,18,50,25,0,langan
600,owner,0.357,334,74,260,20,100,0,0,langan
3000,owner,1.429,982,98,884,40,250,50,3000,langan
4400,owner,1.429,870,50,820,20,150,50,0,langan
260,owner,0.07,90,90,1,3,20,0,0,langan
120,owner,0.07,46,46,1,3,10,0,0,langan
375,owner,0.142,126,126,1,6,30,0,0,langan
130,owner,0.071,97,97,1,5,7,3,0,langan
1200,owner,0.357,384,384,1,25,75,25,0,langan
960,owner,0.357,224,224,1,6,25,3,0,langan
350,owner,0.14,170,85,85,6,25,5,250,gunungwangi
372,owner,0.14,170,85,85,6,25,5,250,gunungwangi
280,owner,0.15,176,16,160,5,25,5,70,gunungwangi
380,owner,0.15,157,52,105,6,25,10,300,gunungwangi
1760,owner,0.429,541,156,385,19,150,50,300,gunungwangi
1900,owner,0.429,581,156,425,19,150,50,500,gunungwangi
370,owner,0.18,106,21,85,5,20,20,0,gunungwangi
205,owner,0.18,120,21,99,5,20,20,0,gunungwangi
276,owner,0.08,86,16,70,4,15,0,0,gunungwangi
135,owner,0.086,91,48,43,5,15,5,0,gunungwangi
82,owner,0.074,40,32,8,1,5,5,0,gunungwangi
42,owner,0,17,17,1,1,5,5,0,gunungwangi
419,owner,0.185,90,24,66,7,15,0,0,gunungwangi
349,owner,0.175,90,24,66,65,15,0,0,gunungwangi
425,owner,0.12,116,36,80,3,20,5,0,gunungwangi
350,owner,0.08,182,63,119,3,20,0,0,gunungwangi
352,share,0.179,132,102,30,5,40,0,0,gunungwangi
493,share,0.179,126,96,30,5,40,0,0,gunungwangi
2405,mixed,0.571,435,140,295,18,200,25,0,gunungwangi
2405,mixed,0.571,647,320,327,18,200,25,0,gunungwangi
1760,mixed,0.57,1186,126,1060,25,150,25,750,gunungwangi
1468,owner,0.7,564,144,420,25,150,55,0,gunungwangi
4506,owner,1.663,1345,394,951,44,670,270,0,gunungwangi
4666,owner,1.663,1479,528,951,44,670,276,0,gunungwangi
1237,mixed,0.5,306,98,208,8,100,20,0,gunungwangi
1375,mixed,0.5,307,169,138,8,100,20,0,gunungwangi
1830,mixed,0.575,543,148,395,12,165,60,0,gunungwangi
600,owner,0.375,396,151,245,10,75,25,0,gunungwangi
1225,owner,0.42,602,348,254,14,100,50,0,gunungwangi
1619,owner,0.42,695,441,254,18,100,50,0,gunungwangi
1151,owner,0.36,266,158,108,10,75,25,0,gunungwangi
1012,owner,0.36,266,158,108,10,75,25,0,gunungwangi
210,owner,0,47,47,1,5,25,25,0,gunungwangi
391,owner,0.179,111,61,50,8,20,15,0,gunungwangi
457,mixed,0.193,305,236,69,10,70,35,0,gunungwangi
559,mixed,0.193,280,231,49,10,70,35,0,gunungwangi
1971,owner,0.92,642,55,587,30,300,100,1000,gunungwangi
2288,owner,0.92,742,55,687,30,300,100,1000,gunungwangi
1060,owner,0.375,175,35,140,6,75,25,450,gunungwangi
1200,owner,0.535,383,90,293,7,70,30,500,gunungwangi
1705,owner,0.519,407,104,303,25,155,30,0,gunungwangi
1978,owner,0.604,433,103,330,25,155,30,0,gunungwangi
988,owner,0.3,355,255,100,6,20,5,0,gunungwangi
320,owner,0.3,355,255,100,6,20,5,0,gunungwangi
428,owner,0.15,216,216,1,5,45,20,0,gunungwangi
195,owner,0.05,123,123,1,3,6,4,0,gunungwangi
102,owner,0,40,35,5,1,8,2,0,gunungwangi
115,owner,0,40,35,5,1,8,2,0,gunungwangi
2065,mixed,0.7,389,129,260,16,50,25,800,gunungwangi
2065,mixed,0.7,419,129,290,16,50,25,800,gunungwangi
1060,mixed,0.39,275,125,150,15,60,15,0,gunungwangi
645,owner,0.5,203,93,110,7,50,15,0,gunungwangi
2176,owner,0.51,316,136,180,15,100,50,0,gunungwangi
2528,owner,0.51,381,151,230,15,100,50,0,gunungwangi
1302,mixed,0.71,458,98,360,18,150,55,0,gunungwangi
1302,mixed,0.71,453,75,378,18,150,50,0,gunungwangi
1126,mixed,0.385,224,68,156,10,65,20,0,gunungwangi
473,owner,0.75,240,78,162,12,75,25,0,gunungwangi
1302,owner,0.557,307,82,225,18,115,15,0,gunungwangi
1092,owner,0.557,547,82,465,18,115,15,0,gunungwangi
704,owner,0.35,256,8,248,7,75,25,1000,gunungwangi
1056,owner,0.35,266,8,258,7,75,25,1000,gunungwangi
71,owner,0,25,25,1,2,5,2,0,gunungwangi
886,owner,0.282,431,66,365,12,30,10,0,gunungwangi
146,owner,0.073,94,37,57,2,12,3,0,gunungwangi
141,owner,0,122,37,85,2,12,3,0,gunungwangi
447,mixed,0.18,153,95,58,7,65,20,680,gunungwangi
550,mixed,0.18,188,140,48,7,65,20,680,gunungwangi
477,mixed,0.193,114,90,24,7,50,10,0,gunungwangi
996,owner,0.193,235,90,145,9,50,20,0,gunungwangi
160,owner,0.149,109,109,1,2,5,2,0,gunungwangi
138,owner,0,136,136,1,2,5,2,0,gunungwangi
470,owner,0.179,102,102,1,4,25,0,0,gunungwangi
413,owner,0.179,137,137,1,4,25,0,0,gunungwangi
528,owner,0.179,184,184,1,8,25,0,0,gunungwangi
443,owner,0.179,221,201,20,4,25,0,0,gunungwangi
2675,owner,0.814,812,312,500,36,190,35,0,gunungwangi
2218,owner,0.636,718,262,456,28,205,35,0,gunungwangi
183,share,0.08,66,66,1,1,8,4,0,gunungwangi
186,share,0.07,106,106,1,60,8,4,0,gunungwangi
136,share,0,89,79,10,2,12,3,0,gunungwangi
145,owner,0,61,61,1,2,10,5,0,gunungwangi
160,owner,0.08,120,120,1,3,15,5,0,gunungwangi
192,owner,0.08,165,165,1,3,20,5,0,gunungwangi
1690,owner,0.67,595,115,480,18,75,25,500,gunungwangi
2112,owner,0.67,595,115,480,18,75,25,500,gunungwangi
1100,owner,0.375,148,48,100,14,50,25,450,gunungwangi
785,owner,0.355,387,99,288,17,50,25,0,gunungwangi
212,owner,0.07,158,142,16,3,35,15,0,gunungwangi
282,owner,0.07,158,142,16,3,35,15,0,gunungwangi
1395,mixed,0.52,155,125,30,20,75,25,250,gunungwangi
2093,mixed,0.52,210,125,85,10,75,25,250,gunungwangi
1100,mixed,0.536,344,134,210,20,120,30,500,gunungwangi
1300,mixed,0.536,343,133,210,20,100,20,0,gunungwangi
1337,mixed,0.427,362,107,255,12,120,25,1000,gunungwangi
1373,mixed,0.428,360,140,220,12,115,30,0,gunungwangi
1444,owner,0.534,274,119,155,20,100,25,0,gunungwangi
1856,owner,0.534,357,137,220,20,100,25,0,gunungwangi
425,owner,0.14,96,81,15,3,50,10,0,gunungwangi
520,owner,0.15,118,91,27,5,30,5,0,gunungwangi
247,owner,0.107,158,128,30,5,40,10,0,gunungwangi
317,owner,0.107,148,114,34,5,40,10,0,gunungwangi
481,share,0.171,172,107,65,8,30,5,0,gunungwangi
687,share,0.171,246,171,75,8,30,5,0,gunungwangi
135,share,0,53,53,1,2,10,5,0,gunungwangi
460,owner,0.143,261,219,42,10,50,50,0,gunungwangi
528,owner,0.221,111,111,1,5,56,19,0,gunungwangi
416,owner,0.221,111,111,1,5,56,19,0,gunungwangi
2062,owner,0.7,560,76,484,15,200,50,800,gunungwangi
2062,owner,0.7,591,306,285,15,200,50,800,gunungwangi
861,owner,0.457,402,77,325,20,140,30,0,gunungwangi
950,owner,0.457,299,89,210,10,125,25,500,gunungwangi
2323,owner,0.7,1097,278,819,22,200,150,0,gunungwangi
2534,owner,0.7,993,318,675,24,200,150,0,gunungwangi
1408,owner,0.5,395,110,285,20,100,50,500,gunungwangi
1549,owner,0.5,435,110,325,20,100,50,500,gunungwangi
990,owner,0.357,319,126,193,12,75,25,600,gunungwangi
831,owner,0.357,184,78,106,12,75,25,0,gunungwangi
3450,owner,1.071,634,265,369,35,200,100,2500,gunungwangi
3872,owner,1.071,685,315,370,35,300,100,0,gunungwangi
1046,mixed,0.35,305,80,225,15,50,10,0,gunungwangi
1186,mixed,0.35,346,96,250,15,50,10,0,gunungwangi
920,mixed,0.377,416,344,72,12,100,25,0,gunungwangi
1000,owner,0.5,417,263,154,16,70,10,0,gunungwangi
1227,owner,0.424,384,246,138,18,130,20,0,gunungwangi
1364,owner,0.424,356,258,98,18,130,20,0,gunungwangi
138,owner,0.08,54,54,1,3,7,0,0,gunungwangi
130,owner,0.08,48,48,1,3,7,0,0,gunungwangi
80,owner,0,47,47,1,2,5,0,0,gunungwangi
98,owner,0.071,79,79,1,1,6,4,0,gunungwangi
320,owner,0.129,144,144,1,5,20,10,0,gunungwangi
256,owner,0.129,144,144,1,5,20,10,0,gunungwangi
1100,owner,0.35,310,15,295,10,75,25,400,gunungwangi
1238,owner,0.35,446,106,340,10,75,25,400,gunungwangi
1056,owner,0.351,232,24,208,15,250,50,3000,gunungwangi
1041,owner,0.351,208,48,160,10,85,15,0,gunungwangi
1056,owner,0.35,248,114,134,16,100,50,0,gunungwangi
1267,owner,0.35,265,144,121,16,100,50,0,gunungwangi
1674,mixed,1.05,475,105,370,32,210,70,2000,gunungwangi
2442,mixed,1.05,500,105,395,32,210,70,2000,gunungwangi
1689,mixed,1.071,798,208,590,32,60,20,500,gunungwangi
1302,owner,0.714,865,294,571,20,75,25,0,gunungwangi
2488,mixed,0.818,1158,498,660,23,107,31,0,gunungwangi
2542,mixed,0.818,1130,470,660,23,107,31,0,gunungwangi
1325,mixed,0.38,445,225,220,17,80,20,0,gunungwangi
1395,mixed,0.38,470,250,220,17,80,20,0,gunungwangi
946,mixed,0.387,396,126,270,13,125,15,0,gunungwangi
980,mixed,0.387,643,244,399,15,95,30,0,gunungwangi
563,share,0.175,270,156,114,6,40,20,0,gunungwangi
990,share,0.175,322,208,114,6,40,20,0,gunungwangi
1186,share,0.35,195,65,130,16,50,20,500,gunungwangi
1261,share,0.35,205,65,140,16,50,20,500,gunungwangi
1540,share,0.702,349,79,270,20,75,25,0,gunungwangi
1420,owner,0.714,430,126,304,15,100,50,0,gunungwangi
990,owner,0.32,300,124,176,19,90,30,0,gunungwangi
175,owner,0.07,60,53,7,3,15,5,0,gunungwangi
2093,mixed,0.7,450,100,350,25,100,50,500,gunungwangi
2093,mixed,0.7,514,124,390,25,100,50,500,gunungwangi
1500,mixed,0.536,340,120,220,15,150,0,0,gunungwangi
698,mixed,0.282,218,73,145,10,40,10,0,gunungwangi
1022,mixed,0.358,348,263,85,12,80,20,0,gunungwangi
1250,mixed,0.358,353,223,130,14,80,20,0,gunungwangi
341,mixed,0.175,161,116,45,5,30,15,100,gunungwangi
825,mixed,0.35,521,346,175,9,60,30,100,gunungwangi
950,mixed,0.358,227,66,161,10,70,30,0,gunungwangi
900,owner,0.3,502,128,374,11,90,30,0,gunungwangi
1253,mixed,0.358,366,181,185,10,100,24,0,gunungwangi
1227,mixed,0.358,377,192,185,10,100,24,0,gunungwangi
1375,mixed,0.38,234,127,107,18,125,25,300,gunungwangi
1650,mixed,0.38,264,127,137,18,125,25,300,gunungwangi
1848,mixed,0.536,328,200,128,18,150,15,0,gunungwangi
996,owner,0.536,411,261,150,15,141,9,0,gunungwangi
2391,owner,0.774,617,167,450,27,150,10,0,gunungwangi
2391,owner,0.724,659,154,505,27,150,10,0,gunungwangi
550,owner,0.18,121,64,57,3,40,20,0,gunungwangi
660,owner,0.18,293,216,77,3,40,20,0,gunungwangi
425,owner,0.1,132,111,21,3,25,10,0,gunungwangi
341,owner,0.179,90,65,25,3,25,5,0,gunungwangi
493,owner,0.179,105,95,10,4,25,10,0,gunungwangi
634,owner,0.179,115,95,20,4,20,20,0,gunungwangi
550,mixed,0.207,214,82,132,8,40,10,0,gunungwangi
687,mixed,0.18,261,105,156,6,40,10,0,gunungwangi
1200,mixed,0.565,383,294,89,10,50,25,0,gunungwangi
1159,mixed,0.536,540,295,245,9,120,20,0,gunungwangi
1608,mixed,0.536,499,239,260,15,160,50,0,gunungwangi
2070,mixed,0.536,442,232,210,15,160,50,0,gunungwangi
558,share,0.17,120,55,65,4,30,5,0,gunungwangi
558,share,0.17,130,65,65,4,30,5,0,gunungwangi
563,share,0.179,235,181,54,4,20,5,0,gunungwangi
558,share,0.179,112,40,72,4,25,5,0,gunungwangi
1210,mixed,0.339,432,256,176,15,150,40,0,gunungwangi
1492,mixed,0.339,420,244,176,15,150,40,0,gunungwangi
1265,mixed,0.35,270,85,185,15,75,25,250,gunungwangi
1430,mixed,0.35,270,85,185,15,75,25,250,gunungwangi
1200,mixed,0.427,320,130,190,17,125,15,0,gunungwangi
1240,mixed,0.427,546,147,399,15,50,10,100,gunungwangi
1760,owner,0.714,361,110,251,20,250,50,2500,gunungwangi
2464,owner,0.714,461,110,351,20,250,50,2500,gunungwangi
1156,mixed,0.7,280,55,225,20,80,45,0,gunungwangi
1716,mixed,0.7,295,55,240,20,80,42,0,gunungwangi
3090,mixed,0.993,479,140,339,40,250,50,0,gunungwangi
2346,mixed,1.071,1320,340,980,30,250,50,0,gunungwangi
2200,owner,1.036,784,100,684,30,360,240,2200,gunungwangi
4400,owner,1.036,610,100,510,30,360,240,2200,gunungwangi
1100,owner,0.525,340,115,225,14,50,25,500,gunungwangi
1617,owner,0.525,340,115,225,14,50,25,500,gunungwangi
400,owner,0.25,87,47,40,5,10,5,0,gunungwangi
486,owner,0.175,218,88,130,5,50,0,0,gunungwangi
2316,mixed,0.923,754,294,460,25,240,55,0,gunungwangi
2922,mixed,0.923,770,310,460,25,265,55,0,gunungwangi
825,mixed,0.556,292,64,228,14,150,50,0,gunungwangi
1288,mixed,0.556,247,64,183,14,150,50,0,gunungwangi
1060,mixed,0.546,371,131,240,10,150,50,1025,gunungwangi
900,owner,0.536,374,108,266,15,60,10,300,gunungwangi
1027,owner,0.566,562,232,330,17,100,33,0,gunungwangi
2154,owner,0.566,562,232,330,17,110,33,0,gunungwangi
2387,mixed,1.05,614,80,534,20,100,50,0,gunungwangi
2046,mixed,0.7,456,80,376,15,80,40,0,gunungwangi
1540,mixed,0.841,814,324,490,32,100,15,0,gunungwangi
2086,owner,0.753,714,304,410,17,150,50,0,gunungwangi
1008,owner,0.357,332,172,160,14,125,25,1100,gunungwangi
1146,owner,0.357,356,196,160,14,125,25,0,gunungwangi
1200,mixed,0.23,324,138,186,13,40,15,900,malausma
930,mixed,0.171,224,64,160,10,30,10,0,malausma
1232,mixed,0.314,331,281,50,15,60,40,0,malausma
348,mixed,0.286,215,107,108,9,50,20,0,malausma
1050,mixed,0.25,393,127,266,8,80,80,0,malausma
900,mixed,0.221,366,144,222,8,50,50,0,malausma
975,owner,0.42,302,160,142,15,125,75,500,malausma
250,owner,0.07,84,52,32,7,30,10,0,malausma
800,owner,0.43,221,69,152,12,75,125,250,malausma
520,owner,0.3,280,126,154,10,50,20,0,malausma
2150,owner,0.857,1680,855,825,20,150,50,0,malausma
700,owner,0.286,305,173,132,8,50,20,0,malausma
450,owner,0.112,90,90,1,5,15,10,0,malausma
130,owner,0.07,69,69,1,4,10,2,0,malausma
500,owner,0.143,116,110,6,4,20,5,0,malausma
185,owner,0.086,105,105,1,4,1,2,0,malausma
360,owner,0.071,143,52,91,4,25,15,0,malausma
200,owner,0,68,29,39,2,8,7,0,malausma
1370,owner,0.455,559,359,200,20,150,50,500,malausma
250,owner,0.07,61,61,1,3,15,10,0,malausma
1496,owner,0.464,692,212,480,20,150,50,0,malausma
250,owner,0.14,147,84,63,5,25,15,0,malausma
2000,owner,0.457,750,374,376,27,200,150,1000,malausma
1638,mixed,0.314,515,230,285,22,120,60,0,malausma
310,owner,0.143,175,110,65,6,18,18,0,malausma
100,owner,0,64,19,45,3,5,5,0,malausma
420,owner,0.143,63,35,28,6,35,35,0,malausma
130,owner,0.085,90,31,59,2,6,4,0,malausma
300,owner,0.071,129,89,40,2,17,8,0,malausma
98,owner,0,40,12,28,2,10,5,0,malausma
700,owner,0.214,388,104,284,7,40,40,360,malausma
600,owner,0.214,293,109,184,7,40,40,0,malausma
320,owner,0.143,91,67,24,6,30,20,0,malausma
280,owner,0.143,118,76,42,5,32,10,0,malausma
500,owner,0.214,239,153,86,7,70,70,0,malausma
350,owner,0.214,158,120,38,7,60,60,0,malausma
616,owner,0.196,217,217,1,10,15,10,0,malausma
230,owner,0.14,126,126,1,5,15,15,0,malausma
224,owner,0.143,98,98,1,6,15,15,0,malausma
225,owner,0.126,104,104,1,5,19,19,0,malausma
550,owner,0.143,141,141,1,5,25,10,0,malausma
550,owner,0.143,141,141,1,5,25,10,0,malausma
1333,owner,0.429,444,78,366,30,90,60,360,malausma
440,owner,0.143,188,42,146,10,30,20,0,malausma
800,owner,0.28,199,88,111,20,70,40,0,malausma
380,owner,0.213,190,31,159,10,40,20,0,malausma
1667,owner,0.4,385,63,322,12,150,50,0,malausma
1300,owner,0.25,257,50,207,8,100,30,0,malausma
1500,owner,0.49,369,246,123,25,200,100,500,malausma
685,owner,0.34,179,152,27,10,60,20,0,malausma
1300,owner,0.5,636,331,305,15,75,75,0,malausma
250,owner,0.143,149,56,93,10,23,36,0,malausma
2789,owner,1.114,1088,663,425,33,260,75,0,malausma
2395,owner,0.557,561,308,253,15,130,40,0,malausma
378,mixed,0.086,130,62,68,8,50,25,0,malausma
207,mixed,0,86,71,15,3,13,12,0,malausma
870,mixed,0.229,422,356,66,26,70,40,0,malausma
158,owner,0.057,130,104,26,4,20,17,0,malausma
1580,owner,0.486,984,308,676,20,200,60,0,malausma
200,owner,0.057,94,68,26,3,20,5,0,malausma
700,mixed,0.206,253,127,126,10,70,30,0,malausma
310,mixed,0.091,130,73,57,5,30,30,0,malausma
1000,mixed,0.414,426,216,210,10,60,40,0,malausma
270,owner,0.128,166,98,68,5,26,12,0,malausma
284,owner,0.143,182,107,75,5,40,20,0,malausma
238,owner,0.093,74,40,34,4,35,10,0,malausma
500,owner,0.143,173,78,95,5,30,20,0,malausma
150,owner,0,60,60,1,3,15,10,0,malausma
250,owner,0.07,76,76,1,2,25,5,0,malausma
95,owner,0,70,70,1,1,5,2,0,malausma
434,owner,0.143,154,138,16,5,30,15,0,malausma
200,owner,0.071,75,75,1,2,15,5,0,malausma
450,mixed,0.143,144,99,45,6,30,20,0,malausma
250,mixed,0.071,93,64,29,3,15,10,0,malausma
580,mixed,0.213,141,103,38,7,46,29,250,malausma
210,owner,0.071,62,46,16,3,15,8,0,malausma
1444,owner,0.357,362,240,122,20,100,25,500,malausma
533,owner,0.143,193,117,76,6,30,10,0,malausma
372,mixed,0.143,160,128,32,6,25,15,0,malausma
186,mixed,0.071,80,64,16,3,12,8,0,malausma
372,mixed,0.143,103,103,1,3,20,10,0,malausma
110,owner,0.071,58,34,24,3,15,5,0,malausma
810,owner,0.185,352,317,35,5,70,30,0,malausma
600,owner,0.114,184,163,21,2,30,20,0,malausma
875,owner,0.133,175,125,50,10,50,50,0,malausma
270,owner,0.156,167,117,50,6,25,25,0,malausma
570,owner,0.179,178,133,45,5,30,30,50,malausma
275,owner,0.107,157,126,31,4,20,5,50,malausma
1100,owner,0.2,245,165,80,6,60,30,0,malausma
500,owner,0.114,248,244,4,4,25,25,0,malausma
1388,owner,0.56,301,85,216,15,75,35,0,malausma
930,owner,0.406,138,29,109,8,60,20,0,malausma
1457,owner,0.286,217,142,75,10,75,50,0,malausma
440,owner,0.286,178,97,81,10,60,40,0,malausma
1110,owner,0.286,363,184,179,20,100,50,0,malausma
780,owner,0.164,226,139,87,10,70,30,0,malausma
930,owner,0.214,141,85,56,16,70,30,180,malausma
620,owner,0.143,66,52,14,6,40,20,0,malausma
850,owner,0.22,161,98,63,10,25,75,0,malausma
248,owner,0.171,99,61,38,7,30,20,0,malausma
1500,owner,0.371,446,109,337,15,100,25,0,malausma
840,owner,0.193,247,110,137,8,50,25,0,malausma
2500,owner,0.7,673,175,498,25,100,50,0,malausma
1800,owner,0.5,366,156,210,20,75,25,0,malausma
2000,owner,0.714,354,58,296,20,150,75,0,malausma
1100,owner,0.6,643,64,579,20,200,20,0,malausma
1950,owner,0.429,464,212,252,15,80,20,0,malausma
1100,owner,0.429,414,162,252,15,60,20,0,malausma
250,mixed,0.071,107,102,5,2,15,7,0,malausma
180,mixed,0.071,107,102,5,2,15,7,0,malausma
450,mixed,0.14,128,89,39,10,25,50,0,malausma
150,owner,0.07,110,81,29,2,20,10,0,malausma
1200,owner,0.214,322,232,90,10,60,20,0,malausma
300,owner,0.071,152,128,24,3,20,5,0,malausma
4300,owner,1.12,881,221,660,33,270,170,0,malausma
1660,owner,0.322,444,114,330,6,70,30,0,malausma
1300,owner,0.428,156,44,112,10,75,75,0,malausma
700,owner,0.3,229,54,175,15,75,15,0,malausma
1483,owner,0.429,571,138,433,25,65,65,0,malausma
780,owner,0.214,360,122,238,12,30,30,0,malausma
700,mixed,0.164,119,85,34,6,8,7,0,malausma
350,mixed,0.086,95,95,1,3,4,3,0,malausma
840,mixed,0.157,299,116,183,15,50,50,0,malausma
160,owner,0.1,130,65,65,9,10,8,0,malausma
928,owner,0.393,487,287,200,12,85,25,0,malausma
330,owner,0.106,211,195,16,3,20,15,0,malausma
434,owner,0.143,146,82,64,6,35,25,150,malausma
200,owner,0.057,79,42,37,3,13,12,0,malausma
550,owner,0.214,191,137,54,6,35,25,0,malausma
230,mixed,0.1,130,99,31,5,15,4,0,malausma
1530,owner,0.314,403,291,112,15,70,30,0,malausma
400,owner,0.121,201,175,26,4,30,15,0,malausma
2600,mixed,0.56,677,677,1,14,100,75,500,malausma
1160,mixed,0.455,177,177,1,20,50,20,0,malausma
1650,mixed,0.571,599,484,115,16,100,0,0,malausma
574,owner,0.465,281,212,69,13,62,18,0,malausma
1300,owner,0.321,436,400,36,10,70,25,0,malausma
100,owner,0,62,62,1,2,6,5,0,malausma
1200,owner,0.286,510,435,75,7,95,30,0,malausma
630,owner,0.143,196,184,12,4,35,20,0,malausma
1010,owner,0.357,382,312,70,30,100,50,125,malausma
490,mixed,0.143,257,152,105,7,30,20,0,malausma
512,owner,0.121,188,140,48,4,35,25,0,malausma
300,owner,0.079,122,94,28,3,25,10,0,malausma
992,owner,0.357,177,130,47,10,50,30,0,malausma
186,owner,0.1,67,39,28,3,15,10,0,malausma
868,owner,0.286,322,195,127,10,30,20,0,malausma
162,owner,0.1,87,68,19,3,8,4,0,malausma
1000,owner,0.321,470,424,46,10,65,30,0,malausma
550,owner,0.193,169,159,10,5,40,20,0,malausma
596,owner,0.279,191,133,58,6,48,39,0,malausma
210,owner,0.107,161,129,32,3,10,5,0,malausma
195,owner,0.071,134,134,1,3,5,6,0,malausma
132,owner,0.071,89,43,46,3,4,4,0,malausma
600,owner,0.143,263,189,74,5,40,10,0,malausma
240,owner,0.071,89,67,22,3,20,5,0,malausma
640,owner,0.21,205,130,75,9,70,50,250,malausma
446,owner,0.212,239,167,72,4,45,18,0,malausma
860,owner,0.214,288,202,86,15,50,20,0,malausma
279,owner,0.143,156,121,35,3,70,20,0,malausma
455,owner,0.114,314,188,126,4,40,19,0,malausma
250,owner,0.071,151,118,33,3,27,13,0,malausma
2170,owner,0.357,446,196,250,12,50,20,360,malausma
430,owner,0.143,168,92,76,4,25,25,0,malausma
1050,owner,0.286,265,146,119,10,100,50,0,malausma
186,owner,0.1,134,53,81,2,30,30,0,malausma
1000,owner,0.287,288,228,60,10,60,25,0,malausma
320,owner,0.129,160,144,16,5,25,15,0,malausma
1000,owner,0.286,268,93,175,6,50,50,250,malausma
400,owner,0.143,154,90,64,3,25,25,0,malausma
500,owner,0.142,126,112,14,5,25,25,0,malausma
310,owner,0.214,195,150,45,7,32,28,0,malausma
500,owner,0.171,308,292,16,6,40,20,0,malausma
350,owner,0.15,183,183,1,5,30,20,0,malausma
300,owner,0.084,110,110,1,6,20,10,0,malausma
262,owner,0,28,28,1,2,5,3,0,malausma
320,owner,0.1,103,89,14,7,20,10,0,malausma
100,owner,0.071,76,76,1,4,7,7,0,malausma
700,owner,0.214,204,174,30,8,60,40,0,malausma
150,owner,0.074,111,111,1,5,40,10,0,malausma
325,owner,0.098,142,115,27,5,20,10,0,malausma
240,owner,0.056,57,57,1,3,15,10,0,malausma
510,owner,0.1,220,220,1,5,15,10,0,malausma
120,owner,0,126,112,14,3,12,8,0,malausma
730,owner,0.164,501,458,43,7,50,50,0,malausma
364,owner,0.086,275,243,32,3,15,10,0,malausma
600,owner,0.143,214,204,10,5,50,15,0,malausma
200,owner,0,84,84,1,1,5,5,0,malausma
744,owner,0.229,221,161,60,4,40,40,0,malausma
124,owner,0,82,82,1,3,15,9,0,malausma
1025,owner,0.277,720,450,270,15,125,75,0,malausma
784,mixed,0.186,302,196,106,10,75,25,0,malausma
1240,owner,0.571,405,270,135,20,75,25,0,malausma
164,owner,0.071,118,118,1,5,15,10,0,malausma
1240,owner,0.571,665,520,145,13,125,75,0,malausma
420,owner,0.355,317,161,156,15,31,24,0,malausma
1800,owner,0.464,430,220,210,15,100,45,0,malausma
1600,owner,0.321,270,260,10,10,75,30,0,malausma
600,owner,0.346,187,137,50,10,40,15,425,sukaambit
327,owner,0.186,199,189,10,5,20,5,425,sukaambit
725,owner,0.345,310,268,42,11,35,35,1500,sukaambit
315,owner,0.185,218,152,66,5,47,5,225,sukaambit
2224,mixed,0.572,793,682,111,20,195,100,1500,sukaambit
2520,owner,0.606,814,692,122,22,127,80,2400,sukaambit
550,owner,0.242,266,100,166,6,25,20,900,sukaambit
495,owner,0.107,214,94,120,4,19,19,675,sukaambit
605,owner,0.178,264,174,90,20,50,50,1000,sukaambit
400,owner,0.142,266,172,94,5,90,25,200,sukaambit
2640,mixed,1.053,702,385,317,45,235,115,1200,sukaambit
3970,mixed,1.053,875,385,490,45,235,115,1200,sukaambit
1308,owner,0.4,228,48,180,10,75,50,900,sukaambit
600,owner,0.157,114,42,72,5,30,5,0,sukaambit
1230,owner,0.385,248,80,168,12,170,50,600,sukaambit
220,owner,0.085,112,70,42,3,38,3,200,sukaambit
5874,owner,1.224,422,91,331,36,240,175,10000,sukaambit
1492,owner,0.265,217,127,90,8,100,65,0,sukaambit
250,share,0.121,136,124,12,2,10,10,150,sukaambit
225,share,0.05,136,124,12,8,10,10,0,sukaambit
200,share,0.5,54,42,12,2,20,20,1000,sukaambit
120,share,0.08,72,66,6,2,12,3,350,sukaambit
378,mixed,0.092,104,99,5,3,14,14,500,sukaambit
234,mixed,0.092,101,96,5,3,14,14,500,sukaambit
2420,owner,0.4,409,119,290,18,105,36,0,sukaambit
2145,owner,0.35,309,119,190,14,94,0,0,sukaambit
1540,owner,0.348,292,197,95,15,80,50,300,sukaambit
2380,owner,0.85,528,290,238,9,52,40,0,sukaambit
1947,owner,0.286,384,175,209,10,79,50,0,sukaambit
2456,owner,0.4,439,234,205,13,112,86,0,sukaambit
900,owner,0.211,166,142,24,8,50,50,270,sukaambit
500,owner,0.211,202,142,60,8,50,50,270,sukaambit
1080,owner,0.28,130,105,25,10,40,40,400,sukaambit
835,mixed,0.242,287,161,126,7,54,12,150,sukaambit
564,owner,0.175,247,196,51,8,63,38,0,sukaambit
1240,owner,0.21,236,205,31,9,65,40,0,sukaambit
600,mixed,0.164,560,252,308,5,16,8,300,sukaambit
240,mixed,0.164,140,140,1,5,16,8,300,sukaambit
810,mixed,0.203,156,106,50,8,25,10,250,sukaambit
440,share,0.185,441,235,206,11,21,9,0,sukaambit
1175,owner,0.349,225,120,105,16,85,30,800,sukaambit
1107,owner,0.349,225,120,105,16,85,15,800,sukaambit
763,owner,0.286,381,71,310,8,50,0,0,sukaambit
654,owner,0.186,206,166,40,8,50,0,0,sukaambit
280,owner,0.214,120,60,60,7,40,0,450,sukaambit
660,owner,0.19,227,125,102,6,38,0,250,sukaambit
428,owner,0.129,188,98,90,5,41,9,0,sukaambit
594,owner,0.129,164,84,80,5,41,9,0,sukaambit
464,owner,0.157,237,77,160,3,15,10,500,sukaambit
364,owner,0.157,97,77,20,3,15,10,300,sukaambit
530,owner,0.157,290,272,18,5,15,10,500,sukaambit
737,owner,0.157,170,131,39,50,25,15,0,sukaambit
654,owner,0.186,167,107,60,7,70,42,750,sukaambit
598,owner,0.186,158,98,60,7,70,42,750,sukaambit
640,owner,0.214,266,236,30,5,25,1,100,sukaambit
540,owner,0.214,296,260,36,5,25,1,100,sukaambit
228,owner,0.114,145,109,36,4,10,2,120,sukaambit
210,owner,0.114,188,104,84,2,10,5,125,sukaambit
1194,mixed,0.3,490,318,172,12,65,85,700,sukaambit
1560,mixed,0.3,490,318,172,12,70,80,0,sukaambit
709,owner,0.2,151,61,90,6,15,0,0,sukaambit
545,owner,0.157,141,66,75,5,10,0,0,sukaambit
250,owner,0.193,216,75,141,7,15,5,0,sukaambit
320,mixed,0.194,291,131,160,13,7,0,0,sukaambit
1106,owner,0.192,216,141,75,9,28,57,0,sukaambit
1106,owner,0.192,180,141,39,9,28,57,0,sukaambit
1090,mixed,0.423,605,173,432,15,100,30,400,sukaambit
545,mixed,0.137,164,88,76,6,35,15,175,sukaambit
500,mixed,0.414,163,97,66,15,100,40,1000,sukaambit
320,mixed,0.128,211,76,135,4,40,0,0,sukaambit
2168,mixed,0.272,268,88,180,12,170,35,1000,sukaambit
2347,mixed,0.272,307,149,158,12,180,25,1000,sukaambit
763,owner,0.143,205,165,40,6,60,40,300,sukaambit
763,owner,0.143,298,183,115,6,60,40,300,sukaambit
440,owner,0.16,316,316,1,10,25,25,850,sukaambit
385,mixed,0.099,253,130,123,5,25,10,0,sukaambit
640,owner,0.242,276,261,15,7,50,28,750,sukaambit
1325,owner,0.215,273,253,20,7,50,28,750,sukaambit
200,owner,0.078,77,77,1,2,8,0,120,sukaambit
100,owner,0,77,77,1,2,8,0,60,sukaambit
100,owner,0,70,70,1,2,6,0,250,sukaambit
100,owner,0,31,26,5,1,10,0,0,sukaambit
476,owner,0.129,127,112,15,7,75,15,600,sukaambit
802,owner,0.129,166,151,15,7,75,15,0,sukaambit
1090,owner,0.357,481,266,215,16,40,40,0,sukaambit
436,owner,0.142,191,183,8,3,1,0,0,sukaambit
1200,owner,0.511,394,264,130,30,100,50,700,sukaambit
460,owner,0.185,154,130,24,10,17,3,1400,sukaambit
1836,owner,0.372,234,102,132,20,62,62,310,sukaambit
2992,owner,0.844,936,378,558,37,140,140,500,sukaambit
273,owner,0.1,80,70,10,3,20,8,150,sukaambit
273,owner,0.057,69,59,10,2,20,5,0,sukaambit
380,owner,0.093,69,45,24,4,30,9,0,sukaambit
150,owner,0.092,104,84,20,6,32,6,450,sukaambit
603,share,0.107,129,93,36,5,31,21,800,sukaambit
1257,share,0.213,230,177,53,10,71,41,1600,sukaambit
350,share,0.084,126,114,12,4,20,8,150,sukaambit
250,share,0.055,120,114,6,2,10,5,150,sukaambit
430,share,0.124,106,52,54,5,15,20,600,sukaambit
360,share,0.121,88,76,12,2,25,12,100,sukaambit
1276,mixed,0.222,342,314,28,10,74,35,450,sukaambit
1350,mixed,0.222,233,221,12,10,61,31,0,sukaambit
273,owner,0.071,69,27,42,3,15,10,150,sukaambit
273,owner,0.071,87,27,60,3,15,10,150,sukaambit
436,owner,0.143,131,33,98,6,50,50,600,sukaambit
310,share,0.057,104,46,58,3,25,5,200,sukaambit
1834,owner,0.358,283,33,250,14,100,150,750,sukaambit
1834,owner,0.358,268,18,250,14,100,150,750,sukaambit
610,owner,0.185,162,132,30,10,80,50,800,sukaambit
500,owner,0.114,181,101,80,6,80,30,700,sukaambit
850,owner,0.214,113,83,30,12,50,25,670,sukaambit
210,share,0.085,203,187,16,3,16,4,150,sukaambit
792,share,0.212,243,135,108,9,109,40,500,sukaambit
766,share,0.212,242,114,128,9,100,40,500,sukaambit
440,mixed,0.178,192,90,102,8,30,15,450,sukaambit
220,mixed,0.093,120,76,44,2,5,10,150,sukaambit
350,mixed,0.187,143,71,72,12,30,15,850,sukaambit
220,owner,0.074,88,48,40,2,13,8,150,sukaambit
1118,mixed,0.194,257,156,101,8,47,70,750,sukaambit
1431,mixed,0.315,385,239,146,13,114,67,300,sukaambit
2180,share,0.7,609,280,329,20,100,50,400,sukaambit
545,share,0.143,102,55,47,5,20,10,300,sukaambit
995,share,0.7,240,64,176,20,100,50,600,sukaambit
520,mixed,0.171,173,115,58,5,37,10,900,sukaambit
1518,mixed,0.521,312,181,131,13,105,60,2300,sukaambit
220,share,0.057,58,50,8,2,15,10,300,sukaambit
2344,owner,0.591,534,166,368,23,150,50,680,sukaambit
1199,owner,0.204,231,80,151,10,100,15,0,sukaambit
1045,owner,0.596,313,55,258,20,200,50,2100,sukaambit
1205,mixed,0.317,398,88,310,12,100,75,300,sukaambit
2750,owner,0.472,512,220,292,16,222,98,1625,sukaambit
3441,owner,0.435,642,244,398,22,297,123,2375,sukaambit
220,owner,0.054,74,34,40,3,15,5,0,ciwangi
220,owner,0.054,74,34,40,3,15,5,0,ciwangi
220,owner,0.06,76,41,35,4,16,2,0,ciwangi
160,owner,0.06,161,106,55,4,18,2,0,ciwangi
100,owner,0,49,49,1,2,15,5,0,ciwangi
180,owner,0.069,59,59,1,2,15,5,0,ciwangi
1210,mixed,0.357,364,44,320,16,60,20,0,ciwangi
1100,mixed,0.357,374,49,325,16,60,20,0,ciwangi
1392,mixed,0.47,400,295,105,14,115,35,0,ciwangi
1100,mixed,0.47,610,355,255,25,75,25,0,ciwangi
1438,mixed,0.339,393,353,40,14,76,33,0,ciwangi
1210,mixed,0.339,408,318,90,7,76,33,0,ciwangi
3600,owner,1.628,1950,410,1540,70,250,50,1000,ciwangi
2750,owner,1.057,1340,295,1045,40,250,50,1000,ciwangi
4000,owner,1.4,1020,320,700,47,275,125,0,ciwangi
2100,owner,1,1120,450,670,40,250,70,0,ciwangi
4180,owner,0.98,1364,129,1235,38,190,110,3000,ciwangi
1760,owner,0.55,455,60,395,22,106,64,1500,ciwangi
350,owner,0.107,115,65,50,4,15,5,0,ciwangi
330,owner,0.107,139,84,55,4,15,5,0,ciwangi
335,owner,0.104,45,30,15,5,20,5,0,ciwangi
275,owner,0.104,177,94,83,5,10,5,0,ciwangi
330,owner,0.104,110,70,40,8,50,20,500,ciwangi
300,mixed,0.175,110,70,40,8,50,10,500,ciwangi
495,owner,0.135,180,35,145,8,20,10,0,ciwangi
440,owner,0.135,108,33,75,8,20,10,0,ciwangi
310,owner,0.2,97,42,55,9,9,9,0,ciwangi
390,owner,0.2,138,23,115,4,13,5,0,ciwangi
550,owner,0.143,216,36,180,14,30,10,0,ciwangi
375,owner,0.143,216,36,180,14,30,10,0,ciwangi
550,share,0.286,204,34,170,5,25,25,0,ciwangi
495,share,0.286,239,34,205,5,25,25,0,ciwangi
520,share,0.286,185,60,125,8,1,0,0,ciwangi
350,share,0.14,259,124,135,8,1,0,0,ciwangi
605,owner,0.143,132,62,70,5,30,10,0,ciwangi
550,owner,0.143,126,71,55,5,30,10,0,ciwangi
440,owner,0.184,111,71,40,10,40,20,0,ciwangi
240,owner,0.184,111,71,40,10,40,10,0,ciwangi
310,owner,0.143,101,81,20,10,50,20,0,ciwangi
550,owner,0.214,295,105,190,10,50,30,0,ciwangi
2365,mixed,0.667,706,126,580,32,300,100,0,ciwangi
2420,mixed,0.667,906,126,880,32,300,100,0,ciwangi
275,owner,0.2,215,115,100,10,10,10,0,ciwangi
300,owner,0.2,220,120,100,10,15,10,0,ciwangi
350,owner,0.186,121,101,20,5,15,15,250,ciwangi
320,owner,0.2,185,145,40,15,10,10,0,ciwangi
740,owner,0.243,387,187,200,12,39,26,0,ciwangi
830,owner,0.243,417,212,205,12,39,26,0,ciwangi
2200,owner,0.957,1844,1234,610,40,100,50,0,ciwangi
1740,owner,0.742,1359,984,375,80,100,50,0,ciwangi
4540,owner,1.215,678,230,448,56,140,60,0,ciwangi
1300,owner,0.714,665,405,260,30,75,75,0,ciwangi
550,owner,0.215,215,75,140,8,35,15,0,ciwangi
935,owner,0.429,398,150,248,20,75,35,0,ciwangi
610,owner,0.235,485,185,300,15,50,50,0,ciwangi
550,owner,0.235,470,170,300,15,50,50,0,ciwangi
640,owner,0.313,231,101,130,20,50,25,0,ciwangi
680,owner,0.315,270,110,160,10,50,25,125,ciwangi
1116,owner,0.358,598,433,165,24,112,38,0,ciwangi
2575,mixed,0.644,1019,694,325,41,202,68,0,ciwangi
1000,mixed,0.303,805,515,290,15,1,0,0,ciwangi
800,mixed,0.303,765,550,215,15,1,0,0,ciwangi
720,mixed,0.507,192,42,150,15,8,0,0,ciwangi
975,owner,0.607,705,280,425,20,3,2,0,ciwangi
2112,mixed,0.725,710,190,520,41,145,67,0,ciwangi
1375,mixed,0.574,565,155,410,41,104,53,0,ciwangi
440,share,0.143,164,124,40,5,1,0,0,ciwangi
330,share,0.143,179,139,40,5,1,0,0,ciwangi
240,share,0.142,98,98,1,6,1,0,0,ciwangi
150,share,0.141,136,136,1,10,1,0,0,ciwangi
952,share,0.215,293,233,60,16,50,20,0,ciwangi
756,share,0.215,363,303,60,16,50,20,0,ciwangi
1210,owner,0.286,200,120,80,10,40,20,0,ciwangi
1100,owner,0.286,200,120,80,10,40,20,0,ciwangi
690,owner,0.286,160,25,135,20,75,25,0,ciwangi
1110,owner,0.586,425,155,270,16,50,20,0,ciwangi
1100,owner,0.357,461,91,370,16,40,20,0,ciwangi
880,owner,0.357,461,91,370,16,40,20,0,ciwangi
350,owner,0.071,74,44,30,6,20,20,0,ciwangi
425,owner,0.071,100,90,10,6,20,20,0,ciwangi
280,owner,0.071,60,60,1,4,18,18,160,ciwangi
150,owner,0.077,72,62,10,3,5,3,0,ciwangi
222,owner,0.072,145,75,70,3,15,10,0,ciwangi
195,owner,0.072,135,75,60,3,15,10,0,ciwangi
2200,mixed,0.571,690,70,620,16,150,50,0,ciwangi
550,mixed,0.143,74,44,30,4,40,10,0,ciwangi
980,mixed,0.366,249,174,75,25,150,50,900,ciwangi
900,mixed,0.366,475,225,250,115,100,50,0,ciwangi
1100,owner,0.343,340,95,245,14,120,40,0,ciwangi
990,owner,0.343,350,105,245,14,120,40,0,ciwangi
990,owner,0.214,145,20,125,6,60,30,0,ciwangi
880,owner,0.214,170,20,150,8,60,30,0,ciwangi
930,owner,0.271,350,260,90,8,60,30,0,ciwangi
1000,owner,0.271,338,163,175,10,60,40,0,ciwangi
1485,owner,0.3,268,128,140,10,100,50,0,ciwangi
1500,owner,0.3,372,242,130,10,100,50,0,ciwangi
770,mixed,0.143,174,74,100,5,40,10,0,ciwangi
715,mixed,0.143,124,74,50,5,40,10,0,ciwangi
570,mixed,0.148,149,149,1,7,39,7,0,ciwangi
535,mixed,0.142,60,40,20,7,25,15,0,ciwangi
460,owner,0.077,77,49,28,10,20,5,0,ciwangi
525,owner,0.077,77,49,28,10,20,5,0,ciwangi
1320,owner,0.286,305,25,280,10,75,25,0,ciwangi
1320,owner,0.286,305,25,280,10,75,25,0,ciwangi
1580,owner,0.429,253,113,140,18,75,25,0,ciwangi
900,owner,0.286,222,82,140,10,60,20,0,ciwangi
2150,mixed,0.486,419,229,190,28,65,40,15000,ciwangi
2035,mixed,0.486,416,276,140,28,115,60,0,ciwangi
1100,mixed,0.429,250,50,200,16,100,50,0,ciwangi
990,mixed,0.429,280,50,230,16,100,50,0,ciwangi
950,mixed,0.286,185,165,20,15,75,25,0,ciwangi
1280,mixed,0.25,146,76,70,10,75,25,250,ciwangi
960,owner,0.179,255,115,140,9,50,25,8350,ciwangi
855,owner,0.179,279,149,130,9,50,25,500,ciwangi
880,mixed,0.286,320,70,250,12,50,20,0,ciwangi
770,mixed,0.286,470,80,390,15,50,20,0,ciwangi
1340,mixed,0.357,350,225,125,15,100,25,0,ciwangi
1105,mixed,0.286,285,150,135,10,100,20,0,ciwangi
1100,owner,0.157,179,139,40,8,45,15,6600,ciwangi
990,owner,0.157,176,151,25,8,60,20,0,ciwangi
2090,owner,0.571,684,30,654,20,120,30,0,ciwangi
2200,owner,0.571,684,30,654,20,120,30,0,ciwangi
2500,owner,0.658,336,96,240,20,225,75,0,ciwangi
2310,owner,0.5,755,150,605,25,250,50,0,ciwangi
2585,owner,0.472,688,95,593,30,135,40,20625,ciwangi
2750,owner,0.472,605,95,510,30,140,45,0,ciwangi
4500,owner,0.852,1670,390,1280,40,250,100,1200,ciwangi
4000,owner,0.852,1595,390,1205,45,250,150,100,ciwangi
4050,owner,1.025,1044,244,800,50,300,50,1000,ciwangi
2200,owner,1.025,1315,240,1075,40,300,100,0,ciwangi
7150,owner,1.092,1100,90,1010,40,375,125,44800,ciwangi
7150,owner,1.093,1300,90,1210,40,375,125,0,ciwangi
9000,owner,1.9,2695,420,2275,65,400,125,1200,ciwangi
9000,owner,1.9,2525,340,2185,64,350,100,1200,ciwangi
4400,owner,1.816,927,227,700,60,300,100,0,ciwangi
3500,owner,1.816,1395,295,1100,60,450,150,0,ciwangi
11589,owner,1.945,1378,98,1280,55,400,200,62600,ciwangi
11589,owner,1.945,1878,98,1780,55,400,200,0,ciwangi
1100,mixed,0.286,215,65,150,15,75,25,0,ciwangi
1210,mixed,0.286,200,60,140,15,75,25,0,ciwangi
1870,mixed,0.341,478,268,210,14,110,55,0,ciwangi
770,owner,0.341,345,195,150,15,100,50,0,ciwangi
2640,mixed,0.486,469,249,220,33,150,50,9565,ciwangi
2120,mixed,0.486,469,249,220,33,150,50,525,ciwangi
4400,owner,0.857,1145,130,1015,25,200,50,0,ciwangi
4950,owner,0.857,1295,130,1165,25,200,50,0,ciwangi
2200,owner,0.858,640,160,480,25,100,50,0,ciwangi
3800,owner,1.071,1700,370,1330,35,250,125,0,ciwangi
4125,owner,0.858,1301,142,1159,25,200,100,24000,ciwangi
4125,owner,0.858,1301,142,1159,25,200,100,0,ciwangi
330,owner,0.071,75,50,25,3,25,10,0,ciwangi
330,owner,0.071,75,50,25,3,25,10,0,ciwangi
250,owner,0.071,68,38,30,3,16,4,0,ciwangi
100,owner,0.071,51,51,1,2,20,10,0,ciwangi
960,owner,0.182,176,86,90,10,35,20,0,ciwangi
1408,mixed,0.325,345,205,140,18,60,40,0,ciwangi
1650,owner,0.5,333,33,300,15,150,50,0,ciwangi
1540,owner,0.5,208,33,175,15,150,50,0,ciwangi
2860,owner,0.571,767,287,480,25,250,50,2900,ciwangi
2370,owner,0.786,938,263,675,25,150,100,1200,ciwangi
2420,mixed,0.801,715,165,550,24,500,200,3000,ciwangi
2200,mixed,0.801,715,165,550,24,500,200,0,ciwangi
3300,owner,0.714,545,45,500,25,150,50,0,ciwangi
3410,owner,0.714,520,45,475,25,150,50,0,ciwangi
2403,owner,0.715,603,248,355,35,125,25,0,ciwangi
2200,owner,0.715,655,50,605,32,100,50,0,ciwangi
3000,owner,0.429,435,25,410,20,100,100,0,ciwangi
3000,owner,0.249,435,25,410,20,100,100,0,ciwangi
3250,owner,0.428,580,195,385,14,125,75,0,ciwangi
3000,owner,0.428,645,200,445,16,80,75,0,ciwangi
2700,owner,0.4,504,284,220,17,150,75,0,ciwangi
1350,owner,0.428,485,285,200,20,120,40,0,ciwangi
2090,owner,0.3,252,77,175,13,80,45,0,ciwangi
1870,owner,0.3,266,91,175,13,80,45,0,ciwangi
1312,mixed,0.328,790,290,500,12,150,50,0,ciwangi
340,mixed,0.071,150,85,65,5,25,8,0,ciwangi
1888,mixed,0.54,599,239,360,20,125,25,0,ciwangi
600,mixed,0.33,403,213,190,5,75,25,0,ciwangi
1565,mixed,0.35,332,102,230,18,75,25,0,ciwangi
1280,mixed,0.35,320,180,140,20,75,25,0,ciwangi
660,mixed,0.178,225,80,145,5,35,15,0,ciwangi
450,mixed,0.178,210,75,135,6,35,15,0,ciwangi
770,mixed,0.25,165,105,60,8,50,25,0,ciwangi
260,mixed,0.244,144,84,60,6,1,0,0,ciwangi
445,owner,0.107,71,41,30,7,40,10,0,ciwangi
275,owner,0.107,91,46,45,5,40,10,0,ciwangi
2330,owner,0.5,420,85,335,20,200,50,1000,ciwangi
1400,owner,0.25,245,55,190,20,100,50,500,ciwangi
2283,owner,0.714,338,63,275,23,150,35,1500,ciwangi
1210,owner,0.5,392,47,345,25,25,10,60,ciwangi
3305,owner,0.658,913,178,735,18,200,200,0,ciwangi
2843,owner,0.336,355,60,295,10,100,100,620,ciwangi
330,mixed,0.1,115,45,70,5,20,10,0,ciwangi
275,mixed,0,145,55,90,5,20,10,0,ciwangi
385,mixed,0.1,138,108,30,10,12,3,0,ciwangi
250,mixed,0.1,128,128,1,4,18,7,0,ciwangi
1295,mixed,0.4,730,555,175,13,83,37,0,ciwangi
450,owner,0.157,300,270,30,5,27,13,0,ciwangi
150,owner,0.05,85,60,25,4,15,5,0,ciwangi
100,owner,0,54,39,15,2,5,2,0,ciwangi
200,owner,0.05,50,50,1,2,12,3,0,ciwangi
90,owner,0.05,37,37,1,2,10,5,0,ciwangi
760,mixed,0.1,189,124,65,4,55,20,0,ciwangi
430,mixed,0.1,185,120,65,4,35,20,0,ciwangi
750,owner,0.214,265,145,120,5,50,25,0,ciwangi
500,owner,0.142,210,130,80,8,25,15,0,ciwangi
666,owner,0.174,278,278,1,10,50,25,0,ciwangi
530,owner,0.143,186,121,65,4,35,10,0,ciwangi
874,owner,0.215,270,240,30,8,75,38,0,ciwangi
400,owner,0.243,239,219,20,5,50,25,0,ciwangi
600,owner,0.2,235,90,145,7,70,30,0,ciwangi
710,owner,0.2,220,90,130,7,70,30,0,ciwangi
650,owner,0.286,241,151,90,8,85,20,300,ciwangi
645,owner,0.286,242,72,170,8,70,25,0,ciwangi
3760,mixed,0.786,941,311,630,22,158,90,0,ciwangi
2750,mixed,0.501,706,261,445,14,93,45,0,ciwangi
