id,time,output,land,labor,hiredlabor,famlabor,seed,urea,pest,varieties,status,bimas,region,price
101001,1999,7980,3,2915,2875,40,90,900,6000,mixed,owner,mixed,wargabinangun,60
101001,2000,4083,2,2155,2110,45,40,600,3000,trad,owner,mixed,wargabinangun,60
101001,2001,2650,1,1075,980,95,100,700,5000,high,owner,mixed,wargabinangun,65
101001,2002,4500,2,2091,2081,10,60,600,5000,high,owner,mixed,wargabinangun,70
101001,2003,16300,3.572,3889,3889,1,105,400,10200,high,share,no,wargabinangun,120
101001,2004,17424,3.572,3519,3519,1,105,400,10200,high,share,no,wargabinangun,140
101017,1999,3840,1.42,810,670,140,50,120,0,trad,mixed,mixed,wargabinangun,60
101017,2000,2800,1.42,855,805,50,20,100,0,high,mixed,mixed,wargabinangun,50
101017,2001,950,0.428,460,380,80,15,150,900,high,mixed,mixed,wargabinangun,62
101017,2002,240,0.214,109,40,69,7,50,0,mixed,owner,no,wargabinangun,60
101017,2003,1500,0.428,230,210,20,15,100,2000,high,share,no,wargabinangun,110
101017,2004,2280,0.428,180,180,1,15,100,2000,high,share,no,wargabinangun,130
101026,1999,280,0.1,118,10,108,5,20,0,high,owner,no,wargabinangun,65
101026,2000,940,0.286,163,100,63,10,75,0,high,owner,no,wargabinangun,50
101026,2001,240,0.07,80,23,57,10,15,0,high,owner,no,wargabinangun,60
101026,2002,848,0.307,278,72,206,7,60,350,mixed,share,no,wargabinangun,60
101026,2003,480,0.086,76,15,61,5,50,2000,high,owner,no,wargabinangun,120
101026,2004,420,0.086,54,15,39,5,40,500,high,owner,no,wargabinangun,130
101035,1999,1200,0.286,265,32,233,10,50,0,high,owner,no,wargabinangun,60
101035,2000,960,0.286,263,32,231,10,50,0,mixed,owner,no,wargabinangun,65
101035,2001,360,0.284,130,65,65,10,100,0,high,owner,no,wargabinangun,60
101035,2002,720,0.357,350,1,350,10,100,450,high,owner,no,wargabinangun,65
101035,2003,1480,0.357,178,1,178,10,100,1500,high,owner,no,wargabinangun,100
101035,2004,1880,0.357,92,1,92,10,100,0,high,owner,no,wargabinangun,130
101056,1999,1240,0.286,206,73,133,5,25,0,high,mixed,no,wargabinangun,70
101056,2000,780,0.17,193,115,78,5,25,0,high,mixed,no,wargabinangun,75
101056,2001,1200,0.56,550,485,65,25,150,0,high,mixed,no,wargabinangun,60
101056,2002,750,0.286,130,75,55,5,50,0,mixed,owner,no,wargabinangun,60
101056,2003,3000,0.357,176,36,140,20,150,4800,high,owner,no,wargabinangun,110
101056,2004,2400,0.357,120,35,85,12,150,4150,high,owner,no,wargabinangun,140
101057,1999,887,0.18,156,30,126,5,100,0,trad,share,no,wargabinangun,50
101057,2000,1553,0.36,262,50,212,10,75,0,high,share,no,wargabinangun,60
101057,2001,716,0.355,452,148,304,20,40,0,high,share,no,wargabinangun,60
101057,2002,480,0.14,166,56,110,10,40,0,high,share,no,wargabinangun,60
101057,2003,300,0.052,98,4,94,4,30,1200,high,share,no,wargabinangun,110
101057,2004,200,0.052,46,1,46,4,30,1200,high,share,no,wargabinangun,120
101067,1999,1080,0.27,384,100,284,10,75,300,high,owner,no,wargabinangun,60
101067,2000,1260,0.27,254,50,204,10,60,300,high,owner,no,wargabinangun,70
101067,2001,1200,0.28,383,302,81,20,100,650,high,owner,no,wargabinangun,65
101067,2002,600,0.286,380,295,85,10,60,1920,high,owner,no,wargabinangun,60
101067,2003,960,0.179,292,115,177,10,125,1600,high,owner,no,wargabinangun,100
101067,2004,1200,0.129,203,90,113,7,100,900,high,owner,no,wargabinangun,130
101068,1999,2100,0.714,407,225,182,20,50,0,trad,share,no,wargabinangun,60
101068,2000,1867,0.714,580,390,190,30,80,0,trad,share,no,wargabinangun,55
101068,2001,1200,0.355,239,30,209,15,75,0,high,share,no,wargabinangun,60
101068,2002,1200,0.571,216,100,116,15,100,0,high,mixed,no,wargabinangun,60
101068,2003,480,0.086,108,20,88,7,25,0,high,owner,no,wargabinangun,100
101068,2004,280,0.082,76,20,56,10,5,0,high,owner,no,wargabinangun,120
101069,1999,600,0.18,136,101,35,7,40,0,high,owner,no,wargabinangun,60
101069,2000,3000,0.888,565,510,55,35,70,0,high,owner,no,wargabinangun,60
101069,2001,840,0.377,367,160,207,12,150,0,high,owner,no,wargabinangun,65
101069,2002,660,0.371,170,110,60,25,100,500,trad,owner,no,wargabinangun,60
101069,2003,2700,0.681,213,110,103,10,100,2000,high,owner,no,wargabinangun,140
101069,2004,1925,0.281,148,50,98,10,100,0,high,owner,no,wargabinangun,150
101073,1999,250,0.071,110,50,60,5,35,0,high,share,no,wargabinangun,60
101073,2000,220,0.071,130,50,80,5,35,0,high,share,no,wargabinangun,70
101073,2001,480,0.142,149,144,5,6,65,0,high,share,no,wargabinangun,60
101073,2002,360,0.143,156,70,86,10,30,0,high,owner,no,wargabinangun,60
101073,2003,600,0.129,99,8,91,5,50,2325,high,owner,no,wargabinangun,100
101073,2004,600,0.129,86,8,78,5,50,2325,high,owner,no,wargabinangun,120
101089,1999,940,0.357,399,310,89,10,100,0,high,owner,no,wargabinangun,60
101089,2000,920,0.357,429,230,199,10,100,0,high,owner,no,wargabinangun,65
101089,2001,550,0.355,273,229,44,10,100,0,high,owner,no,wargabinangun,75
101089,2002,540,0.357,120,62,58,15,90,0,high,owner,no,wargabinangun,60
101089,2003,725,0.157,135,1,135,5,50,1000,high,owner,no,wargabinangun,120
101089,2004,800,0.157,109,1,109,5,50,0,high,owner,no,wargabinangun,130
101094,1999,1600,0.714,530,510,20,30,150,0,high,share,no,wargabinangun,60
101094,2000,1800,0.714,650,610,40,30,150,0,high,share,no,wargabinangun,60
101094,2001,840,0.286,270,260,10,15,100,0,high,share,no,wargabinangun,60
101094,2002,600,0.357,228,208,20,15,75,650,high,owner,no,wargabinangun,60
101094,2003,1800,0.357,265,235,30,10,150,4000,high,owner,no,wargabinangun,120
101094,2004,1600,0.357,215,200,15,10,150,5000,high,owner,no,wargabinangun,140
102111,1999,1500,0.714,483,425,58,20,100,0,high,owner,no,wargabinangun,60
102111,2000,1600,0.714,438,385,53,20,100,0,high,owner,no,wargabinangun,60
102111,2001,840,0.355,450,430,20,25,25,0,high,owner,no,wargabinangun,60
102111,2002,800,0.536,471,380,91,20,200,0,high,owner,no,wargabinangun,60
102111,2003,3000,0.643,480,300,180,16,150,0,high,owner,no,wargabinangun,120
102111,2004,2800,0.643,375,331,44,16,150,0,high,owner,no,wargabinangun,110
102113,1999,960,0.357,380,305,75,20,50,0,trad,share,no,wargabinangun,60
102113,2000,1800,0.357,345,280,65,20,100,0,high,share,no,wargabinangun,60
102113,2001,960,0.357,340,305,35,15,100,1200,high,share,no,wargabinangun,60
102113,2002,1400,0.5,313,270,43,13,100,2000,high,share,mixed,wargabinangun,60
102113,2003,5800,1.428,1185,1054,131,60,350,12600,high,owner,no,wargabinangun,120
102113,2004,4600,1.428,762,659,103,60,350,12600,high,owner,no,wargabinangun,140
102119,1999,3600,1.071,1110,1055,55,50,250,1500,trad,owner,no,wargabinangun,60
102119,2000,3240,1.071,1305,1240,65,50,250,1500,mixed,owner,no,wargabinangun,65
102119,2001,360,0.179,98,44,54,5,50,0,high,owner,no,wargabinangun,60
102119,2002,300,0.09,86,20,66,4,10,0,high,owner,no,wargabinangun,65
102119,2003,300,0.029,132,1,132,2,10,0,high,owner,no,wargabinangun,100
102119,2004,200,0.029,80,1,80,5,10,0,high,owner,yes,wargabinangun,110
102126,1999,1800,1.286,635,499,136,40,100,0,high,owner,mixed,wargabinangun,60
102126,2000,2800,1.286,448,331,117,40,150,0,high,owner,mixed,wargabinangun,60
102126,2001,1200,0.533,345,290,55,30,125,0,high,owner,mixed,wargabinangun,60
102126,2002,560,0.355,232,150,82,15,125,600,trad,owner,mixed,wargabinangun,60
102126,2003,2400,0.571,444,60,384,50,150,4800,high,owner,yes,wargabinangun,120
102126,2004,2400,0.571,222,44,178,30,150,4000,high,owner,no,wargabinangun,120
102157,1999,900,0.357,332,225,107,15,15,0,high,owner,no,wargabinangun,70
102157,2000,1800,0.714,377,250,127,15,25,0,high,owner,no,wargabinangun,70
102157,2001,1500,1.065,905,525,380,30,250,0,high,owner,no,wargabinangun,60
102157,2002,3600,1.071,302,250,52,40,300,0,high,owner,no,wargabinangun,75
102157,2003,2160,0.535,418,306,112,15,150,3000,high,owner,no,wargabinangun,120
102157,2004,2300,0.535,450,216,234,15,150,3000,high,owner,no,wargabinangun,120
102194,1999,940,0.357,317,260,57,15,75,0,high,share,no,wargabinangun,65
102194,2000,920,0.357,185,130,55,15,75,0,high,share,no,wargabinangun,65
102194,2001,560,0.357,325,235,90,20,20,0,high,share,no,wargabinangun,60
102194,2002,400,0.357,160,150,10,20,50,0,high,owner,no,wargabinangun,60
102194,2003,2600,0.357,384,265,119,14,70,1600,high,share,no,wargabinangun,110
102194,2004,720,0.357,185,185,1,14,100,1600,high,share,yes,wargabinangun,120
102220,1999,11667,3.57,3410,3270,140,100,1250,0,high,owner,mixed,wargabinangun,60
102220,2000,11667,3.57,1760,1620,140,1250,1250,0,high,owner,mixed,wargabinangun,70
102220,2001,12000,5,2775,2650,125,100,1000,0,high,owner,mixed,wargabinangun,65
102220,2002,5000,3.571,1550,1550,1,125,700,9000,high,mixed,no,wargabinangun,60
102220,2003,4200,0.714,593,548,45,25,200,3000,high,owner,no,wargabinangun,110
102220,2004,4200,0.714,495,448,47,25,200,3000,high,owner,no,wargabinangun,150
201001,1999,1800,0.56,266,193,73,20,75,0,high,owner,no,langan,55
201001,2000,1600,0.56,154,70,84,20,50,0,high,owner,no,langan,55
201001,2001,750,0.357,456,80,376,20,75,0,high,owner,no,langan,60
201001,2002,2000,1,456,400,56,30,200,0,high,share,no,langan,60
201001,2003,3660,0.714,410,290,120,50,100,1200,high,mixed,no,langan,100
201001,2004,2400,0.714,242,118,124,50,100,1200,high,mixed,no,langan,120
201002,1999,2220,0.577,543,350,193,40,150,0,high,owner,mixed,langan,60
201002,2000,1752,0.577,241,68,173,30,1,0,mixed,owner,mixed,langan,55
201002,2001,870,0.5,324,276,48,25,125,2100,high,owner,mixed,langan,55
201002,2002,975,0.5,386,100,286,15,150,650,trad,owner,mixed,langan,60
201002,2003,4320,0.5,430,240,190,30,100,2000,high,owner,no,langan,115
201002,2004,1880,0.5,312,88,224,30,50,0,high,owner,no,langan,100
201003,1999,2700,0.5,315,232,83,30,75,0,high,owner,mixed,langan,55
201003,2000,1800,0.5,567,127,440,15,50,0,high,owner,mixed,langan,55
201003,2001,460,0.357,200,160,40,15,100,0,high,owner,mixed,langan,55
201003,2002,1800,0.5,269,240,29,25,50,0,high,owner,no,langan,60
201003,2003,3600,0.714,520,480,40,60,475,3000,high,owner,no,langan,120
201003,2004,1400,0.357,196,172,24,30,200,1500,high,owner,no,langan,150
201009,1999,840,0.21,191,26,165,8,100,500,high,owner,no,langan,55
201009,2000,480,0.21,205,30,175,8,20,0,high,owner,no,langan,55
201009,2001,180,0.214,116,20,96,10,15,0,high,owner,no,langan,55
201009,2002,350,0.286,331,54,277,6,1,0,trad,owner,no,langan,60
201009,2003,1800,0.357,228,115,113,20,75,1000,high,owner,no,langan,110
201009,2004,1300,0.357,190,120,70,15,50,0,high,owner,no,langan,140
202039,1999,14400,5.322,4774,4536,238,310,450,75,mixed,owner,mixed,langan,65
202039,2000,6010,2.898,2012,1878,134,160,300,500,high,owner,mixed,langan,60
202039,2001,4620,2.923,2782,2198,584,174,750,2400,high,owner,mixed,langan,60
202039,2002,7920,2.13,2406,2211,195,100,150,0,high,owner,no,langan,70
202039,2003,6840,1.286,1100,370,730,95,600,2000,high,owner,yes,langan,100
202039,2004,1250,0.357,182,1,182,15,20,0,high,owner,no,langan,150
202061,1999,7000,1.82,1483,1363,120,115,480,0,high,owner,mixed,langan,50
202061,2000,2160,1.47,661,569,92,45,190,0,high,owner,mixed,langan,50
202061,2001,3480,2.1,2568,2520,48,40,225,1500,high,owner,mixed,langan,65
202061,2002,3000,1.429,603,560,43,50,150,0,mixed,owner,no,langan,60
202061,2003,20960,3.929,3450,2858,592,138,800,7500,high,owner,no,langan,120
202061,2004,6000,1.786,1096,840,256,63,250,0,high,owner,no,langan,150
202066,1999,350,0.06,90,6,84,5,40,0,high,owner,no,langan,55
202066,2000,190,0.06,133,15,118,8,25,0,high,owner,no,langan,60
202066,2001,300,0.07,135,1,135,2,25,0,high,owner,no,langan,70
202066,2002,240,0.071,82,16,66,3,20,1000,high,owner,no,langan,60
202066,2003,10800,2.493,1628,900,728,95,550,10500,high,mixed,yes,langan,120
202066,2004,5760,1.714,764,288,476,65,375,7200,high,mixed,no,langan,150
203079,1999,4800,1.356,713,287,426,75,150,0,high,owner,mixed,langan,55
203079,2000,1440,0.638,369,98,271,25,100,0,high,owner,mixed,langan,50
203079,2001,975,0.572,334,224,110,25,150,1500,high,owner,mixed,langan,60
203079,2002,600,0.285,185,1,185,25,1,0,trad,owner,no,langan,50
203079,2003,3600,1,696,104,592,70,250,1500,high,owner,no,langan,100
203079,2004,3800,1,530,1,530,30,150,0,high,owner,no,langan,120
203080,1999,1500,0.496,428,62,366,20,120,0,high,owner,mixed,langan,55
203080,2000,600,0.286,177,1,177,10,1,0,trad,owner,mixed,langan,55
203080,2001,800,0.357,392,40,352,18,150,0,high,owner,mixed,langan,62
203080,2002,250,0.098,110,16,94,6,25,0,high,owner,no,langan,60
203080,2003,700,0.143,162,80,82,25,25,1500,high,owner,no,langan,100
203080,2004,480,0.143,153,71,82,10,25,1500,high,owner,no,langan,100
204096,1999,15000,3.5,4213,2849,1364,140,700,310,high,owner,mixed,langan,60
204096,2000,2400,1,357,161,196,30,200,2000,high,owner,mixed,langan,55
204096,2001,12100,3.59,3836,2374,1462,210,1000,3200,high,owner,mixed,langan,70
204096,2002,3500,0.84,348,155,193,30,200,0,high,owner,no,langan,60
204096,2003,12000,3,2337,811,1526,160,900,4400,high,owner,no,langan,120
204096,2004,9000,3,2250,1270,980,90,600,2600,high,owner,no,langan,140
204114,1999,1200,0.28,297,287,10,12,60,200,high,owner,mixed,langan,55
204114,2000,360,0.28,132,120,12,8,25,0,trad,owner,mixed,langan,55
204114,2001,420,0.2,131,46,85,12,80,0,high,owner,mixed,langan,55
204114,2002,420,0.28,130,101,29,8,75,0,high,owner,mixed,langan,60
204114,2003,900,0.2,251,35,216,16,75,1200,high,share,no,langan,100
204114,2004,480,0.2,197,35,162,16,25,600,high,owner,no,langan,140
204116,1999,6000,1,896,805,91,75,250,800,high,owner,mixed,langan,50
204116,2000,3600,1,559,490,69,70,200,0,high,owner,mixed,langan,60
204116,2001,1200,1,576,528,48,20,300,300,high,owner,mixed,langan,55
204116,2002,3600,1,377,309,68,40,300,1800,high,owner,mixed,langan,65
204116,2003,8400,1.571,1224,1094,130,50,500,8000,high,owner,no,langan,110
204116,2004,6600,1.571,600,555,45,40,350,7500,high,owner,no,langan,140
204124,1999,1200,0.286,292,257,35,10,50,0,high,owner,no,langan,55
204124,2000,1080,0.286,207,189,18,10,25,0,high,owner,no,langan,50
204124,2001,260,0.142,148,76,72,10,50,0,high,owner,no,langan,70
204124,2002,350,0.28,185,71,114,8,10,0,high,owner,no,langan,60
204124,2003,640,0.143,124,56,68,8,51,1800,high,owner,no,langan,100
204124,2004,360,0.143,102,32,70,5,25,1800,high,owner,no,langan,150
205132,1999,2040,0.772,612,419,193,30,50,0,trad,owner,mixed,langan,55
205132,2000,664,0.352,287,42,245,10,25,0,trad,owner,mixed,langan,50
205132,2001,1420,0.858,516,48,468,60,100,0,trad,owner,mixed,langan,50
205132,2002,390,0.357,132,1,132,12,30,0,trad,owner,no,langan,60
205132,2003,2400,0.572,872,224,548,82,150,900,high,owner,no,langan,100
205132,2004,1800,0.572,396,96,300,20,110,1000,high,owner,no,langan,130
205136,1999,420,0.11,106,30,76,3,40,0,high,owner,no,langan,55
205136,2000,300,0.11,77,35,42,3,40,0,high,owner,no,langan,50
205136,2001,300,0.214,116,80,36,5,50,0,high,owner,no,langan,55
205136,2002,280,0.143,243,30,213,5,25,0,high,owner,no,langan,55
205136,2003,360,0.071,112,104,8,7,50,2500,high,owner,no,langan,110
205136,2004,300,0.071,63,52,11,5,25,0,high,owner,no,langan,120
205151,1999,950,0.429,227,56,171,14,90,900,mixed,mixed,mixed,langan,55
205151,2000,840,0.286,102,27,75,9,40,0,high,mixed,mixed,langan,50
205151,2001,1350,0.965,488,144,344,40,225,200,high,mixed,mixed,langan,55
205151,2002,960,0.286,185,38,147,10,100,150,high,owner,no,langan,60
205151,2003,3800,0.714,687,387,300,22,125,1800,high,owner,no,langan,100
205151,2004,3240,0.964,401,104,297,28,200,2700,high,owner,no,langan,130
205153,1999,10200,4.07,3124,2044,1080,250,600,0,mixed,owner,no,langan,55
205153,2000,600,0.143,119,25,94,3,25,0,high,owner,no,langan,55
205153,2001,4900,3.643,2931,2080,851,200,400,0,high,owner,no,langan,70
205153,2002,840,0.286,190,132,58,10,75,0,high,owner,no,langan,60
205153,2003,1440,0.286,160,108,52,25,100,0,high,owner,no,langan,100
205153,2004,960,0.286,151,119,32,12,70,0,high,owner,no,langan,140
206158,1999,3150,1.143,942,216,726,40,1,0,mixed,owner,no,langan,50
206158,2000,225,0.143,95,14,81,2,1,0,high,owner,no,langan,50
206158,2001,900,0.5,448,1,448,20,1,0,trad,owner,no,langan,50
206158,2002,270,0.143,245,16,229,10,25,0,trad,owner,no,langan,60
206158,2003,4800,0.714,384,224,160,84,150,3000,high,share,no,langan,120
206158,2004,1680,0.429,232,80,152,40,150,0,high,share,no,langan,130
206169,1999,1205,0.636,357,118,239,15,20,0,mixed,owner,mixed,langan,55
206169,2000,210,0.143,83,8,75,3,10,0,trad,owner,mixed,langan,50
206169,2001,800,0.5,436,140,246,15,100,0,trad,owner,mixed,langan,60
206169,2002,550,0.143,349,51,298,15,100,0,trad,owner,no,langan,65
206169,2003,980,0.214,120,32,88,5,40,1500,high,owner,no,langan,120
206169,2004,360,0.214,80,1,80,4,25,0,high,owner,no,langan,140
207209,1999,1500,0.286,198,84,114,8,100,200,high,owner,no,langan,55
207209,2000,480,0.286,156,70,86,9,10,0,trad,owner,no,langan,55
207209,2001,540,0.286,224,25,199,10,100,200,high,owner,no,langan,55
207209,2002,960,0.286,306,45,261,12,50,0,mixed,owner,no,langan,60
207209,2003,4440,0.786,468,120,348,30,300,10900,high,owner,no,langan,120
207209,2004,840,0.286,152,48,104,10,100,2000,high,owner,no,langan,125
208225,1999,4560,1.28,699,450,249,58,220,0,high,mixed,mixed,langan,55
208225,2000,2340,1.28,402,236,166,30,100,0,high,mixed,mixed,langan,55
208225,2001,1280,0.714,552,464,88,15,250,0,high,mixed,mixed,langan,55
208225,2002,1800,0.71,428,324,104,20,150,0,high,owner,no,langan,65
208225,2003,4200,0.714,426,240,186,60,300,1000,high,owner,yes,langan,120
208225,2004,2400,0.714,516,352,164,40,100,1500,high,owner,no,langan,100
209232,1999,240,0.064,87,8,79,7,20,0,high,owner,no,langan,55
209232,2000,216,0.064,57,8,49,6,10,0,high,owner,no,langan,50
209232,2001,400,0.28,250,81,169,18,60,0,high,owner,no,langan,70
209232,2002,450,0.128,118,10,108,9,50,0,high,owner,no,langan,60
209232,2003,720,0.057,100,26,74,13,50,1000,high,owner,no,langan,100
209232,2004,360,0.057,125,16,109,5,50,0,high,owner,no,langan,140
209241,1999,1200,0.28,219,190,29,10,80,0,high,owner,mixed,langan,55
209241,2000,660,0.28,197,194,3,10,40,0,high,owner,mixed,langan,50
209241,2001,620,0.357,252,236,16,18,50,0,high,owner,mixed,langan,55
209241,2002,600,0.357,334,260,74,20,100,0,high,owner,no,langan,60
209241,2003,3000,1.429,982,884,98,40,250,3000,high,owner,no,langan,100
209241,2004,4400,1.429,870,820,50,20,150,0,high,owner,no,langan,150
209250,1999,260,0.07,90,1,90,3,20,0,high,owner,no,langan,50
209250,2000,120,0.07,46,1,46,3,10,0,high,owner,no,langan,50
209250,2001,375,0.142,126,1,126,6,30,0,high,owner,no,langan,55
209250,2002,130,0.071,97,1,97,5,7,0,trad,owner,no,langan,60
209250,2003,1200,0.357,384,1,384,25,75,0,high,owner,no,langan,120
209250,2004,960,0.357,224,1,224,6,25,0,high,owner,no,langan,150
301004,1999,350,0.14,170,85,85,6,25,250,trad,owner,mixed,gunungwangi,64
301004,2000,372,0.14,170,85,85,6,25,250,trad,owner,mixed,gunungwangi,70
301004,2001,280,0.15,176,160,16,5,25,70,trad,owner,mixed,gunungwangi,65
301004,2002,380,0.15,157,105,52,6,25,300,trad,owner,no,gunungwangi,65
301004,2003,1760,0.429,541,385,156,19,150,300,trad,owner,no,gunungwangi,160
301004,2004,1900,0.429,581,425,156,19,150,500,trad,owner,no,gunungwangi,190
301010,1999,370,0.18,106,85,21,5,20,0,trad,owner,no,gunungwangi,55
301010,2000,205,0.18,120,99,21,5,20,0,trad,owner,no,gunungwangi,70
301010,2001,276,0.08,86,70,16,4,15,0,trad,owner,no,gunungwangi,65
301010,2002,135,0.086,91,43,48,5,15,0,trad,owner,no,gunungwangi,80
301010,2003,82,0.074,40,8,32,1,5,0,high,owner,no,gunungwangi,160
301010,2004,42,0.014,17,1,17,1,5,0,trad,owner,no,gunungwangi,190
301023,1999,419,0.185,90,66,24,7,15,0,trad,owner,no,gunungwangi,50
301023,2000,349,0.175,90,66,24,65,15,0,trad,owner,no,gunungwangi,78
301023,2001,425,0.12,116,80,36,3,20,0,trad,owner,no,gunungwangi,75
301023,2002,350,0.08,182,119,63,3,20,0,trad,owner,no,gunungwangi,65
301023,2003,352,0.179,132,30,102,5,40,0,trad,share,no,gunungwangi,160
301023,2004,493,0.179,126,30,96,5,40,0,trad,share,no,gunungwangi,190
301038,1999,2405,0.571,435,295,140,18,200,0,trad,mixed,no,gunungwangi,64
301038,2000,2405,0.571,647,327,320,18,200,0,trad,mixed,no,gunungwangi,70
301038,2001,1760,0.57,1186,1060,126,25,150,750,trad,mixed,no,gunungwangi,70
301038,2002,1468,0.7,564,420,144,25,150,0,trad,owner,no,gunungwangi,65
301038,2003,4506,1.663,1345,951,394,44,670,0,trad,owner,no,gunungwangi,140
301038,2004,4666,1.663,1479,951,528,44,670,0,trad,owner,no,gunungwangi,140.23
301055,1999,1237,0.5,306,208,98,8,100,0,trad,mixed,yes,gunungwangi,50
301055,2000,1375,0.5,307,138,169,8,100,0,trad,mixed,yes,gunungwangi,60
301055,2001,1830,0.575,543,395,148,12,165,0,mixed,mixed,yes,gunungwangi,70
301055,2002,600,0.375,396,245,151,10,75,0,trad,owner,mixed,gunungwangi,65
301055,2003,1225,0.42,602,254,348,14,100,0,mixed,owner,no,gunungwangi,160
301055,2004,1619,0.42,695,254,441,18,100,0,mixed,owner,no,gunungwangi,168.48
301058,1999,1151,0.36,266,108,158,10,75,0,trad,owner,no,gunungwangi,63
301058,2000,1012,0.36,266,108,158,10,75,0,trad,owner,no,gunungwangi,78
301058,2001,210,0.015,47,1,47,5,25,0,trad,owner,no,gunungwangi,60
301058,2002,391,0.179,111,50,61,8,20,0,trad,owner,no,gunungwangi,80
301058,2003,457,0.193,305,69,236,10,70,0,trad,mixed,no,gunungwangi,160
301058,2004,559,0.193,280,49,231,10,70,0,trad,mixed,no,gunungwangi,190
301067,1999,1971,0.92,642,587,55,30,300,1000,trad,owner,no,gunungwangi,80
301067,2000,2288,0.92,742,687,55,30,300,1000,trad,owner,no,gunungwangi,90
301067,2001,1060,0.375,175,140,35,6,75,450,trad,owner,no,gunungwangi,65
301067,2002,1200,0.535,383,293,90,7,70,500,high,owner,no,gunungwangi,65
301067,2003,1705,0.519,407,303,104,25,155,0,trad,owner,no,gunungwangi,160
301067,2004,1978,0.604,433,330,103,25,155,0,trad,owner,no,gunungwangi,190
301070,1999,988,0.3,355,100,255,6,20,0,trad,owner,mixed,gunungwangi,90
301070,2000,320,0.3,355,100,255,6,20,0,trad,owner,mixed,gunungwangi,90
301070,2001,428,0.15,216,1,216,5,45,0,trad,owner,mixed,gunungwangi,65
301070,2002,195,0.05,123,1,123,3,6,0,trad,owner,no,gunungwangi,80
301070,2003,102,0.03,40,5,35,1,8,0,trad,owner,no,gunungwangi,160
301070,2004,115,0.03,40,5,35,1,8,0,trad,owner,no,gunungwangi,190
301075,1999,2065,0.7,389,260,129,16,50,800,trad,mixed,no,gunungwangi,80
301075,2000,2065,0.7,419,290,129,16,50,800,trad,mixed,no,gunungwangi,70
301075,2001,1060,0.39,275,150,125,15,60,0,trad,mixed,no,gunungwangi,65
301075,2002,645,0.5,203,110,93,7,50,0,trad,owner,no,gunungwangi,95
301075,2003,2176,0.51,316,180,136,15,100,0,trad,owner,no,gunungwangi,160
301075,2004,2528,0.51,381,230,151,15,100,0,trad,owner,no,gunungwangi,190
301084,1999,1302,0.71,458,360,98,18,150,0,trad,mixed,no,gunungwangi,65
301084,2000,1302,0.71,453,378,75,18,150,0,trad,mixed,no,gunungwangi,73
301084,2001,1126,0.385,224,156,68,10,65,0,trad,mixed,no,gunungwangi,85
301084,2002,473,0.75,240,162,78,12,75,0,trad,owner,no,gunungwangi,84
301084,2003,1302,0.557,307,225,82,18,115,0,trad,owner,no,gunungwangi,160
301084,2004,1092,0.557,547,465,82,18,115,0,trad,owner,no,gunungwangi,190
301105,1999,704,0.35,256,248,8,7,75,1000,trad,owner,no,gunungwangi,90
301105,2000,1056,0.35,266,258,8,7,75,1000,trad,owner,no,gunungwangi,90
301105,2001,71,0.02,25,1,25,2,5,0,trad,owner,no,gunungwangi,65
301105,2002,886,0.282,431,365,66,12,30,0,trad,owner,no,gunungwangi,80
301105,2003,146,0.073,94,57,37,2,12,0,trad,owner,no,gunungwangi,160
301105,2004,141,0.043,122,85,37,2,12,0,trad,owner,no,gunungwangi,190
301110,1999,447,0.18,153,58,95,7,65,680,trad,mixed,mixed,gunungwangi,64
301110,2000,550,0.18,188,48,140,7,65,680,trad,mixed,mixed,gunungwangi,68
301110,2001,477,0.193,114,24,90,7,50,0,trad,mixed,mixed,gunungwangi,92
301110,2002,996,0.193,235,145,90,9,50,0,trad,owner,no,gunungwangi,80
301110,2003,160,0.149,109,1,109,2,5,0,trad,owner,no,gunungwangi,156
301110,2004,138,0.049,136,1,136,2,5,0,trad,owner,no,gunungwangi,187.5
302116,1999,470,0.179,102,1,102,4,25,0,trad,owner,no,gunungwangi,60
302116,2000,413,0.179,137,1,137,4,25,0,trad,owner,no,gunungwangi,70
302116,2001,528,0.179,184,1,184,8,25,0,trad,owner,no,gunungwangi,67
302116,2002,443,0.179,221,20,201,4,25,0,trad,owner,no,gunungwangi,80
302116,2003,2675,0.814,812,500,312,36,190,0,trad,owner,no,gunungwangi,160
302116,2004,2218,0.636,718,456,262,28,205,0,trad,owner,no,gunungwangi,190
302120,1999,183,0.08,66,1,66,1,8,0,trad,share,no,gunungwangi,56
302120,2000,186,0.07,106,1,106,60,8,0,trad,share,no,gunungwangi,65
302120,2001,136,0.03,89,10,79,2,12,0,trad,share,no,gunungwangi,55
302120,2002,145,0.04,61,1,61,2,10,0,trad,owner,no,gunungwangi,80
302120,2003,160,0.08,120,1,120,3,15,0,trad,owner,no,gunungwangi,160
302120,2004,192,0.08,165,1,165,3,20,0,trad,owner,no,gunungwangi,190
302131,1999,1690,0.67,595,480,115,18,75,500,trad,owner,no,gunungwangi,64
302131,2000,2112,0.67,595,480,115,18,75,500,trad,owner,no,gunungwangi,78
302131,2001,1100,0.375,148,100,48,14,50,450,trad,owner,no,gunungwangi,60
302131,2002,785,0.355,387,288,99,17,50,0,trad,owner,no,gunungwangi,80
302131,2003,212,0.07,158,16,142,3,35,0,trad,owner,no,gunungwangi,160
302131,2004,282,0.07,158,16,142,3,35,0,trad,owner,no,gunungwangi,190
302134,1999,1395,0.52,155,30,125,20,75,250,trad,mixed,no,gunungwangi,64
302134,2000,2093,0.52,210,85,125,10,75,250,trad,mixed,no,gunungwangi,78
302134,2001,1100,0.536,344,210,134,20,120,500,high,mixed,no,gunungwangi,65
302134,2002,1300,0.536,343,210,133,20,100,0,trad,mixed,no,gunungwangi,65
302134,2003,1337,0.427,362,255,107,12,120,1000,trad,mixed,no,gunungwangi,160
302134,2004,1373,0.428,360,220,140,12,115,0,trad,mixed,no,gunungwangi,190
302137,1999,1444,0.534,274,155,119,20,100,0,trad,owner,no,gunungwangi,50
302137,2000,1856,0.534,357,220,137,20,100,0,trad,owner,no,gunungwangi,70
302137,2001,425,0.14,96,15,81,3,50,0,trad,owner,no,gunungwangi,63
302137,2002,520,0.15,118,27,91,5,30,0,trad,owner,no,gunungwangi,80
302137,2003,247,0.107,158,30,128,5,40,0,trad,owner,no,gunungwangi,160
302137,2004,317,0.107,148,34,114,5,40,0,trad,owner,no,gunungwangi,190
302142,1999,481,0.171,172,65,107,8,30,0,trad,share,no,gunungwangi,70
302142,2000,687,0.171,246,75,171,8,30,0,trad,share,no,gunungwangi,80
302142,2001,135,0.028,53,1,53,2,10,0,trad,share,no,gunungwangi,75
302142,2002,460,0.143,261,42,219,10,50,0,trad,owner,mixed,gunungwangi,65
302142,2003,528,0.221,111,1,111,5,56,0,mixed,owner,no,gunungwangi,160
302142,2004,416,0.221,111,1,111,5,56,0,trad,owner,no,gunungwangi,190
302143,1999,2062,0.7,560,484,76,15,200,800,trad,owner,no,gunungwangi,60
302143,2000,2062,0.7,591,285,306,15,200,800,trad,owner,no,gunungwangi,80
302143,2001,861,0.457,402,325,77,20,140,0,trad,owner,no,gunungwangi,65
302143,2002,950,0.457,299,210,89,10,125,500,trad,owner,no,gunungwangi,65
302143,2003,2323,0.7,1097,819,278,22,200,0,mixed,owner,no,gunungwangi,160
302143,2004,2534,0.7,993,675,318,24,200,0,mixed,owner,no,gunungwangi,142.36
302144,1999,1408,0.5,395,285,110,20,100,500,trad,owner,no,gunungwangi,80
302144,2000,1549,0.5,435,325,110,20,100,500,trad,owner,no,gunungwangi,80
302144,2001,990,0.357,319,193,126,12,75,600,trad,owner,no,gunungwangi,80
302144,2002,831,0.357,184,106,78,12,75,0,trad,owner,no,gunungwangi,80
302144,2003,3450,1.071,634,369,265,35,200,2500,trad,owner,no,gunungwangi,160
302144,2004,3872,1.071,685,370,315,35,300,0,trad,owner,no,gunungwangi,190
302146,1999,1046,0.35,305,225,80,15,50,0,trad,mixed,no,gunungwangi,70
302146,2000,1186,0.35,346,250,96,15,50,0,trad,mixed,no,gunungwangi,78
302146,2001,920,0.377,416,72,344,12,100,0,trad,mixed,no,gunungwangi,65
302146,2002,1000,0.5,417,154,263,16,70,0,trad,owner,yes,gunungwangi,65
302146,2003,1227,0.424,384,138,246,18,130,0,trad,owner,no,gunungwangi,160
302146,2004,1364,0.424,356,98,258,18,130,0,trad,owner,no,gunungwangi,190
302147,1999,138,0.08,54,1,54,3,7,0,trad,owner,no,gunungwangi,55
302147,2000,130,0.08,48,1,48,3,7,0,trad,owner,no,gunungwangi,65
302147,2001,80,0.017,47,1,47,2,5,0,trad,owner,no,gunungwangi,67
302147,2002,98,0.071,79,1,79,1,6,0,trad,owner,no,gunungwangi,80
302147,2003,320,0.129,144,1,144,5,20,0,trad,owner,no,gunungwangi,160
302147,2004,256,0.129,144,1,144,5,20,0,trad,owner,no,gunungwangi,190
302151,1999,1100,0.35,310,295,15,10,75,400,trad,owner,mixed,gunungwangi,80
302151,2000,1238,0.35,446,340,106,10,75,400,trad,owner,mixed,gunungwangi,65
302151,2001,1056,0.351,232,208,24,15,250,3000,trad,owner,mixed,gunungwangi,67
302151,2002,1041,0.351,208,160,48,10,85,0,trad,owner,no,gunungwangi,80
302151,2003,1056,0.35,248,134,114,16,100,0,trad,owner,no,gunungwangi,160
302151,2004,1267,0.35,265,121,144,16,100,0,trad,owner,no,gunungwangi,190
302153,1999,1674,1.05,475,370,105,32,210,2000,trad,mixed,mixed,gunungwangi,50
302153,2000,2442,1.05,500,395,105,32,210,2000,trad,mixed,mixed,gunungwangi,70
302153,2001,1689,1.071,798,590,208,32,60,500,trad,mixed,mixed,gunungwangi,62
302153,2002,1302,0.714,865,571,294,20,75,0,trad,owner,no,gunungwangi,80
302153,2003,2488,0.818,1158,660,498,23,107,0,trad,mixed,no,gunungwangi,160
302153,2004,2542,0.818,1130,660,470,23,107,0,trad,mixed,no,gunungwangi,190
302161,1999,1325,0.38,445,220,225,17,80,0,trad,mixed,no,gunungwangi,63
302161,2000,1395,0.38,470,220,250,17,80,0,trad,mixed,no,gunungwangi,70
302161,2001,946,0.387,396,270,126,13,125,0,trad,mixed,no,gunungwangi,60
302161,2002,980,0.387,643,399,244,15,95,0,trad,mixed,no,gunungwangi,65
302161,2003,563,0.175,270,114,156,6,40,0,trad,share,no,gunungwangi,160
302161,2004,990,0.175,322,114,208,6,40,0,trad,share,no,gunungwangi,190
302163,1999,1186,0.35,195,130,65,16,50,500,trad,share,mixed,gunungwangi,81
302163,2000,1261,0.35,205,140,65,16,50,500,trad,share,mixed,gunungwangi,88
302163,2001,1540,0.702,349,270,79,20,75,0,trad,share,mixed,gunungwangi,67
302163,2002,1420,0.714,430,304,126,15,100,0,trad,owner,yes,gunungwangi,80
302163,2003,990,0.32,300,176,124,19,90,0,trad,owner,no,gunungwangi,160
302163,2004,175,0.07,60,7,53,3,15,0,trad,owner,no,gunungwangi,190
302169,1999,2093,0.7,450,350,100,25,100,500,trad,mixed,no,gunungwangi,65
302169,2000,2093,0.7,514,390,124,25,100,500,trad,mixed,no,gunungwangi,65
302169,2001,1500,0.536,340,220,120,15,150,0,trad,mixed,no,gunungwangi,83
302169,2002,698,0.282,218,145,73,10,40,0,trad,mixed,no,gunungwangi,80
302169,2003,1022,0.358,348,85,263,12,80,0,trad,mixed,no,gunungwangi,160
302169,2004,1250,0.358,353,130,223,14,80,0,trad,mixed,no,gunungwangi,190
302182,1999,341,0.175,161,45,116,5,30,100,trad,mixed,no,gunungwangi,64
302182,2000,825,0.35,521,175,346,9,60,100,trad,mixed,no,gunungwangi,72
302182,2001,950,0.358,227,161,66,10,70,0,trad,mixed,no,gunungwangi,75
302182,2002,900,0.3,502,374,128,11,90,0,mixed,owner,mixed,gunungwangi,65
302182,2003,1253,0.358,366,185,181,10,100,0,trad,mixed,no,gunungwangi,160
302182,2004,1227,0.358,377,185,192,10,100,0,trad,mixed,no,gunungwangi,190
302189,1999,1375,0.38,234,107,127,18,125,300,trad,mixed,no,gunungwangi,72
302189,2000,1650,0.38,264,137,127,18,125,300,trad,mixed,no,gunungwangi,80
302189,2001,1848,0.536,328,128,200,18,150,0,mixed,mixed,no,gunungwangi,67
302189,2002,996,0.536,411,150,261,15,141,0,trad,owner,no,gunungwangi,97
302189,2003,2391,0.774,617,450,167,27,150,0,trad,owner,no,gunungwangi,160
302189,2004,2391,0.724,659,505,154,27,150,0,trad,owner,no,gunungwangi,190
302192,1999,550,0.18,121,57,64,3,40,0,trad,owner,no,gunungwangi,70
302192,2000,660,0.18,293,77,216,3,40,0,trad,owner,no,gunungwangi,80
302192,2001,425,0.1,132,21,111,3,25,0,trad,owner,no,gunungwangi,80
302192,2002,341,0.179,90,25,65,3,25,0,trad,owner,no,gunungwangi,80
302192,2003,493,0.179,105,10,95,4,25,0,trad,owner,no,gunungwangi,160
302192,2004,634,0.179,115,20,95,4,20,0,trad,owner,no,gunungwangi,190
302194,1999,550,0.207,214,132,82,8,40,0,trad,mixed,no,gunungwangi,64
302194,2000,687,0.18,261,156,105,6,40,0,trad,mixed,no,gunungwangi,80
302194,2001,1200,0.565,383,89,294,10,50,0,trad,mixed,no,gunungwangi,65
302194,2002,1159,0.536,540,245,295,9,120,0,trad,mixed,yes,gunungwangi,104
302194,2003,1608,0.536,499,260,239,15,160,0,trad,mixed,no,gunungwangi,160
302194,2004,2070,0.536,442,210,232,15,160,0,trad,mixed,no,gunungwangi,190
302195,1999,558,0.17,120,65,55,4,30,0,trad,share,no,gunungwangi,63
302195,2000,558,0.17,130,65,65,4,30,0,trad,share,no,gunungwangi,70
302195,2001,563,0.179,235,54,181,4,20,0,trad,share,no,gunungwangi,60
302195,2002,558,0.179,112,72,40,4,25,0,trad,share,no,gunungwangi,80
302195,2003,1210,0.339,432,176,256,15,150,0,trad,mixed,no,gunungwangi,160
302195,2004,1492,0.339,420,176,244,15,150,0,trad,mixed,no,gunungwangi,190
302197,1999,1265,0.35,270,185,85,15,75,250,trad,mixed,no,gunungwangi,60
302197,2000,1430,0.35,270,185,85,15,75,250,trad,mixed,no,gunungwangi,78
302197,2001,1200,0.427,320,190,130,17,125,0,trad,mixed,no,gunungwangi,70
302197,2002,1240,0.427,546,399,147,15,50,100,trad,mixed,no,gunungwangi,65
302197,2003,1760,0.714,361,251,110,20,250,2500,trad,owner,no,gunungwangi,160
302197,2004,2464,0.714,461,351,110,20,250,2500,trad,owner,no,gunungwangi,190
302199,1999,1156,0.7,280,225,55,20,80,0,trad,mixed,no,gunungwangi,60
302199,2000,1716,0.7,295,240,55,20,80,0,trad,mixed,no,gunungwangi,70
302199,2001,3090,0.993,479,339,140,40,250,0,trad,mixed,no,gunungwangi,70
302199,2002,2346,1.071,1320,980,340,30,250,0,trad,mixed,no,gunungwangi,89
302199,2003,2200,1.036,784,684,100,30,360,2200,trad,owner,no,gunungwangi,160
302199,2004,4400,1.036,610,510,100,30,360,2200,trad,owner,no,gunungwangi,190
302205,1999,1100,0.525,340,225,115,14,50,500,trad,owner,no,gunungwangi,70
302205,2000,1617,0.525,340,225,115,14,50,500,trad,owner,no,gunungwangi,78
302205,2001,400,0.25,87,40,47,5,10,0,trad,owner,no,gunungwangi,65
302205,2002,486,0.175,218,130,88,5,50,0,trad,owner,no,gunungwangi,80
302205,2003,2316,0.923,754,460,294,25,240,0,trad,mixed,no,gunungwangi,160
302205,2004,2922,0.923,770,460,310,25,265,0,trad,mixed,no,gunungwangi,190
302207,1999,825,0.556,292,228,64,14,150,0,trad,mixed,mixed,gunungwangi,56
302207,2000,1288,0.556,247,183,64,14,150,0,trad,mixed,mixed,gunungwangi,80
302207,2001,1060,0.546,371,240,131,10,150,1025,high,mixed,mixed,gunungwangi,62
302207,2002,900,0.536,374,266,108,15,60,300,mixed,owner,no,gunungwangi,65
302207,2003,1027,0.566,562,330,232,17,100,0,trad,owner,no,gunungwangi,160
302207,2004,2154,0.566,562,330,232,17,110,0,trad,owner,no,gunungwangi,190
302209,1999,2387,1.05,614,534,80,20,100,0,trad,mixed,no,gunungwangi,60
302209,2000,2046,0.7,456,376,80,15,80,0,trad,mixed,no,gunungwangi,70
302209,2001,1540,0.841,814,490,324,32,100,0,trad,mixed,no,gunungwangi,66
302209,2002,2086,0.753,714,410,304,17,150,0,trad,owner,no,gunungwangi,85
302209,2003,1008,0.357,332,160,172,14,125,1100,trad,owner,no,gunungwangi,160
302209,2004,1146,0.357,356,160,196,14,125,0,trad,owner,no,gunungwangi,190
401002,1999,1200,0.23,324,186,138,13,40,900,trad,mixed,no,malausma,50
401002,2000,930,0.171,224,160,64,10,30,0,trad,mixed,no,malausma,60
401002,2001,1232,0.314,331,50,281,15,60,0,trad,mixed,no,malausma,50
401002,2002,348,0.286,215,108,107,9,50,0,trad,mixed,no,malausma,100
401002,2003,1050,0.25,393,266,127,8,80,0,trad,mixed,no,malausma,140
401002,2004,900,0.221,366,222,144,8,50,0,trad,mixed,no,malausma,160
401006,1999,975,0.42,302,142,160,15,125,500,trad,owner,mixed,malausma,55
401006,2000,250,0.07,84,32,52,7,30,0,trad,owner,mixed,malausma,60
401006,2001,800,0.43,221,152,69,12,75,250,trad,owner,mixed,malausma,64
401006,2002,520,0.3,280,154,126,10,50,0,trad,owner,no,malausma,90
401006,2003,2150,0.857,1680,825,855,20,150,0,trad,owner,no,malausma,140
401006,2004,700,0.286,305,132,173,8,50,0,trad,owner,no,malausma,150
401032,1999,450,0.112,90,1,90,5,15,0,trad,owner,no,malausma,50
401032,2000,130,0.07,69,1,69,4,10,0,trad,owner,no,malausma,60
401032,2001,500,0.143,116,6,110,4,20,0,trad,owner,no,malausma,56
401032,2002,185,0.086,105,1,105,4,1,0,trad,owner,no,malausma,70
401032,2003,360,0.071,143,91,52,4,25,0,trad,owner,no,malausma,140
401032,2004,200,0.036,68,39,29,2,8,0,trad,owner,no,malausma,150
401034,1999,1370,0.455,559,200,359,20,150,500,trad,owner,no,malausma,60
401034,2000,250,0.07,61,1,61,3,15,0,trad,owner,no,malausma,60
401034,2001,1496,0.464,692,480,212,20,150,0,trad,owner,no,malausma,56
401034,2002,250,0.14,147,63,84,5,25,0,trad,owner,no,malausma,80
401034,2003,2000,0.457,750,376,374,27,200,1000,trad,owner,no,malausma,140
401034,2004,1638,0.314,515,285,230,22,120,0,trad,mixed,no,malausma,150
401036,1999,310,0.143,175,65,110,6,18,0,trad,owner,mixed,malausma,50
401036,2000,100,0.036,64,45,19,3,5,0,trad,owner,mixed,malausma,65
401036,2001,420,0.143,63,28,35,6,35,0,trad,owner,mixed,malausma,56
401036,2002,130,0.085,90,59,31,2,6,0,trad,owner,no,malausma,80
401036,2003,300,0.071,129,40,89,2,17,0,trad,owner,no,malausma,140
401036,2004,98,0.036,40,28,12,2,10,0,trad,owner,no,malausma,160
401037,1999,700,0.214,388,284,104,7,40,360,trad,owner,no,malausma,55
401037,2000,600,0.214,293,184,109,7,40,0,trad,owner,no,malausma,68
401037,2001,320,0.143,91,24,67,6,30,0,trad,owner,no,malausma,65
401037,2002,280,0.143,118,42,76,5,32,0,trad,owner,no,malausma,80
401037,2003,500,0.214,239,86,153,7,70,0,trad,owner,no,malausma,140
401037,2004,350,0.214,158,38,120,7,60,0,trad,owner,no,malausma,150
401041,1999,616,0.196,217,1,217,10,15,0,trad,owner,no,malausma,50
401041,2000,230,0.14,126,1,126,5,15,0,trad,owner,no,malausma,60
401041,2001,224,0.143,98,1,98,6,15,0,trad,owner,no,malausma,65
401041,2002,225,0.126,104,1,104,5,19,0,trad,owner,no,malausma,80
401041,2003,550,0.143,141,1,141,5,25,0,trad,owner,no,malausma,140
401041,2004,550,0.143,141,1,141,5,25,0,trad,owner,no,malausma,160
401043,1999,1333,0.429,444,366,78,30,90,360,trad,owner,no,malausma,55
401043,2000,440,0.143,188,146,42,10,30,0,trad,owner,no,malausma,60
401043,2001,800,0.28,199,111,88,20,70,0,trad,owner,no,malausma,56
401043,2002,380,0.213,190,159,31,10,40,0,trad,owner,no,malausma,80
401043,2003,1667,0.4,385,322,63,12,150,0,trad,owner,no,malausma,140
401043,2004,1300,0.25,257,207,50,8,100,0,high,owner,no,malausma,160
401049,1999,1500,0.49,369,123,246,25,200,500,trad,owner,mixed,malausma,50
401049,2000,685,0.34,179,27,152,10,60,0,trad,owner,mixed,malausma,64
401049,2001,1300,0.5,636,305,331,15,75,0,mixed,owner,mixed,malausma,65
401049,2002,250,0.143,149,93,56,10,23,0,trad,owner,no,malausma,80
401049,2003,2789,1.114,1088,425,663,33,260,0,trad,owner,no,malausma,140
401049,2004,2395,0.557,561,253,308,15,130,0,high,owner,no,malausma,160
401058,1999,378,0.086,130,68,62,8,50,0,trad,mixed,no,malausma,50
401058,2000,207,0.043,86,15,71,3,13,0,trad,mixed,no,malausma,60
401058,2001,870,0.229,422,66,356,26,70,0,trad,mixed,no,malausma,70
401058,2002,158,0.057,130,26,104,4,20,0,trad,owner,no,malausma,85
401058,2003,1580,0.486,984,676,308,20,200,0,trad,owner,no,malausma,140
401058,2004,200,0.057,94,26,68,3,20,0,trad,owner,no,malausma,150
401063,1999,700,0.206,253,126,127,10,70,0,trad,mixed,no,malausma,50
401063,2000,310,0.091,130,57,73,5,30,0,trad,mixed,no,malausma,60
401063,2001,1000,0.414,426,210,216,10,60,0,trad,mixed,no,malausma,60
401063,2002,270,0.128,166,68,98,5,26,0,trad,owner,no,malausma,80
401063,2003,284,0.143,182,75,107,5,40,0,trad,owner,no,malausma,140
401063,2004,238,0.093,74,34,40,4,35,0,trad,owner,no,malausma,160
401069,1999,500,0.143,173,95,78,5,30,0,trad,owner,no,malausma,50
401069,2000,150,0.043,60,1,60,3,15,0,trad,owner,no,malausma,60
401069,2001,250,0.07,76,1,76,2,25,0,trad,owner,no,malausma,56
401069,2002,95,0.036,70,1,70,1,5,0,trad,owner,no,malausma,80
401069,2003,434,0.143,154,16,138,5,30,0,trad,owner,no,malausma,140
401069,2004,200,0.071,75,1,75,2,15,0,high,owner,no,malausma,150
401075,1999,450,0.143,144,45,99,6,30,0,trad,mixed,mixed,malausma,55
401075,2000,250,0.071,93,29,64,3,15,0,trad,mixed,mixed,malausma,65
401075,2001,580,0.213,141,38,103,7,46,250,trad,mixed,mixed,malausma,56
401075,2002,210,0.071,62,16,46,3,15,0,trad,owner,no,malausma,85
401075,2003,1444,0.357,362,122,240,20,100,500,trad,owner,no,malausma,140
401075,2004,533,0.143,193,76,117,6,30,0,trad,owner,no,malausma,160
401077,1999,372,0.143,160,32,128,6,25,0,trad,mixed,no,malausma,50
401077,2000,186,0.071,80,16,64,3,12,0,trad,mixed,no,malausma,60
401077,2001,372,0.143,103,1,103,3,20,0,trad,mixed,no,malausma,65
401077,2002,110,0.071,58,24,34,3,15,0,trad,owner,no,malausma,85
401077,2003,810,0.185,352,35,317,5,70,0,high,owner,no,malausma,130
401077,2004,600,0.114,184,21,163,2,30,0,high,owner,no,malausma,150
401092,1999,875,0.133,175,50,125,10,50,0,trad,owner,no,malausma,60
401092,2000,270,0.156,167,50,117,6,25,0,trad,owner,no,malausma,60
401092,2001,570,0.179,178,45,133,5,30,50,trad,owner,no,malausma,60
401092,2002,275,0.107,157,31,126,4,20,50,trad,owner,no,malausma,80
401092,2003,1100,0.2,245,80,165,6,60,0,mixed,owner,no,malausma,140
401092,2004,500,0.114,248,4,244,4,25,0,trad,owner,no,malausma,160
401095,1999,1388,0.56,301,216,85,15,75,0,trad,owner,no,malausma,50
401095,2000,930,0.406,138,109,29,8,60,0,trad,owner,no,malausma,60
401095,2001,1457,0.286,217,75,142,10,75,0,trad,owner,no,malausma,73
401095,2002,440,0.286,178,81,97,10,60,0,trad,owner,no,malausma,80
401095,2003,1110,0.286,363,179,184,20,100,0,trad,owner,no,malausma,140
401095,2004,780,0.164,226,87,139,10,70,0,high,owner,no,malausma,160
401109,1999,930,0.214,141,56,85,16,70,180,trad,owner,no,malausma,60
401109,2000,620,0.143,66,14,52,6,40,0,trad,owner,no,malausma,60
401109,2001,850,0.22,161,63,98,10,25,0,trad,owner,no,malausma,56
401109,2002,248,0.171,99,38,61,7,30,0,trad,owner,no,malausma,81
401109,2003,1500,0.371,446,337,109,15,100,0,trad,owner,no,malausma,140
401109,2004,840,0.193,247,137,110,8,50,0,trad,owner,no,malausma,160
401122,1999,2500,0.7,673,498,175,25,100,0,trad,owner,no,malausma,60
401122,2000,1800,0.5,366,210,156,20,75,0,trad,owner,no,malausma,65
401122,2001,2000,0.714,354,296,58,20,150,0,trad,owner,no,malausma,66
401122,2002,1100,0.6,643,579,64,20,200,0,trad,owner,no,malausma,96
401122,2003,1950,0.429,464,252,212,15,80,0,high,owner,no,malausma,140
401122,2004,1100,0.429,414,252,162,15,60,0,high,owner,no,malausma,160
401124,1999,250,0.071,107,5,102,2,15,0,trad,mixed,mixed,malausma,50
401124,2000,180,0.071,107,5,102,2,15,0,trad,mixed,mixed,malausma,65
401124,2001,450,0.14,128,39,89,10,25,0,trad,mixed,mixed,malausma,66
401124,2002,150,0.07,110,29,81,2,20,0,trad,owner,no,malausma,85
401124,2003,1200,0.214,322,90,232,10,60,0,high,owner,no,malausma,150
401124,2004,300,0.071,152,24,128,3,20,0,high,owner,no,malausma,160
401125,1999,4300,1.12,881,660,221,33,270,0,trad,owner,no,malausma,65
401125,2000,1660,0.322,444,330,114,6,70,0,trad,owner,no,malausma,60
401125,2001,1300,0.428,156,112,44,10,75,0,trad,owner,no,malausma,66
401125,2002,700,0.3,229,175,54,15,75,0,trad,owner,no,malausma,85
401125,2003,1483,0.429,571,433,138,25,65,0,trad,owner,no,malausma,140
401125,2004,780,0.214,360,238,122,12,30,0,trad,owner,no,malausma,160
401138,1999,700,0.164,119,34,85,6,8,0,trad,mixed,no,malausma,55
401138,2000,350,0.086,95,1,95,3,4,0,trad,mixed,no,malausma,60
401138,2001,840,0.157,299,183,116,15,50,0,trad,mixed,no,malausma,56
401138,2002,160,0.1,130,65,65,9,10,0,trad,owner,no,malausma,85
401138,2003,928,0.393,487,200,287,12,85,0,trad,owner,no,malausma,140
401138,2004,330,0.106,211,16,195,3,20,0,high,owner,no,malausma,160
402150,1999,434,0.143,146,64,82,6,35,150,trad,owner,mixed,malausma,52
402150,2000,200,0.057,79,37,42,3,13,0,trad,owner,mixed,malausma,60
402150,2001,550,0.214,191,54,137,6,35,0,trad,owner,mixed,malausma,56
402150,2002,230,0.1,130,31,99,5,15,0,trad,mixed,no,malausma,85
402150,2003,1530,0.314,403,112,291,15,70,0,mixed,owner,yes,malausma,140
402150,2004,400,0.121,201,26,175,4,30,0,mixed,owner,no,malausma,160
402155,1999,2600,0.56,677,1,677,14,100,500,trad,mixed,yes,malausma,55
402155,2000,1160,0.455,177,1,177,20,50,0,trad,mixed,yes,malausma,60
402155,2001,1650,0.571,599,115,484,16,100,0,trad,mixed,yes,malausma,56
402155,2002,574,0.465,281,69,212,13,62,0,trad,owner,no,malausma,90
402155,2003,1300,0.321,436,36,400,10,70,0,high,owner,yes,malausma,140
402155,2004,100,0.036,62,1,62,2,6,0,high,owner,no,malausma,150
402162,1999,1200,0.286,510,75,435,7,95,0,trad,owner,no,malausma,50
402162,2000,630,0.143,196,12,184,4,35,0,trad,owner,no,malausma,60
402162,2001,1010,0.357,382,70,312,30,100,125,trad,owner,no,malausma,56
402162,2002,490,0.143,257,105,152,7,30,0,trad,mixed,no,malausma,80
402162,2003,512,0.121,188,48,140,4,35,0,trad,owner,no,malausma,140
402162,2004,300,0.079,122,28,94,3,25,0,trad,owner,no,malausma,160
402167,1999,992,0.357,177,47,130,10,50,0,trad,owner,no,malausma,55
402167,2000,186,0.1,67,28,39,3,15,0,trad,owner,no,malausma,60
402167,2001,868,0.286,322,127,195,10,30,0,trad,owner,no,malausma,56
402167,2002,162,0.1,87,19,68,3,8,0,trad,owner,no,malausma,80
402167,2003,1000,0.321,470,46,424,10,65,0,trad,owner,no,malausma,140
402167,2004,550,0.193,169,10,159,5,40,0,trad,owner,no,malausma,160
402168,1999,596,0.279,191,58,133,6,48,0,trad,owner,no,malausma,55
402168,2000,210,0.107,161,32,129,3,10,0,trad,owner,no,malausma,65
402168,2001,195,0.071,134,1,134,3,5,0,trad,owner,no,malausma,58
402168,2002,132,0.071,89,46,43,3,4,0,trad,owner,no,malausma,81
402168,2003,600,0.143,263,74,189,5,40,0,trad,owner,no,malausma,140
402168,2004,240,0.071,89,22,67,3,20,0,trad,owner,no,malausma,150
402169,1999,640,0.21,205,75,130,9,70,250,trad,owner,no,malausma,50
402169,2000,446,0.212,239,72,167,4,45,0,trad,owner,no,malausma,64
402169,2001,860,0.214,288,86,202,15,50,0,trad,owner,no,malausma,56
402169,2002,279,0.143,156,35,121,3,70,0,trad,owner,no,malausma,80
402169,2003,455,0.114,314,126,188,4,40,0,trad,owner,no,malausma,140
402169,2004,250,0.071,151,33,118,3,27,0,high,owner,no,malausma,150
402171,1999,2170,0.357,446,250,196,12,50,360,trad,owner,no,malausma,55
402171,2000,430,0.143,168,76,92,4,25,0,trad,owner,no,malausma,60
402171,2001,1050,0.286,265,119,146,10,100,0,trad,owner,no,malausma,56
402171,2002,186,0.1,134,81,53,2,30,0,trad,owner,no,malausma,80
402171,2003,1000,0.287,288,60,228,10,60,0,trad,owner,no,malausma,140
402171,2004,320,0.129,160,16,144,5,25,0,high,owner,no,malausma,160
402176,1999,1000,0.286,268,175,93,6,50,250,trad,owner,mixed,malausma,50
402176,2000,400,0.143,154,64,90,3,25,0,trad,owner,mixed,malausma,60
402176,2001,500,0.142,126,14,112,5,25,0,trad,owner,mixed,malausma,56
402176,2002,310,0.214,195,45,150,7,32,0,trad,owner,no,malausma,80
402176,2003,500,0.171,308,16,292,6,40,0,trad,owner,no,malausma,140
402176,2004,350,0.15,183,1,183,5,30,0,trad,owner,no,malausma,150
402179,1999,300,0.084,110,1,110,6,20,0,trad,owner,no,malausma,50
402179,2000,262,0.014,28,1,28,2,5,0,trad,owner,no,malausma,60
402179,2001,320,0.1,103,14,89,7,20,0,trad,owner,no,malausma,56
402179,2002,100,0.071,76,1,76,4,7,0,trad,owner,no,malausma,80
402179,2003,700,0.214,204,30,174,8,60,0,trad,owner,no,malausma,140
402179,2004,150,0.074,111,1,111,5,40,0,high,owner,no,malausma,160
402201,1999,325,0.098,142,27,115,5,20,0,trad,owner,no,malausma,50
402201,2000,240,0.056,57,1,57,3,15,0,trad,owner,no,malausma,60
402201,2001,510,0.1,220,1,220,5,15,0,trad,owner,no,malausma,58
402201,2002,120,0.04,126,14,112,3,12,0,trad,owner,no,malausma,80
402201,2003,730,0.164,501,43,458,7,50,0,mixed,owner,no,malausma,140
402201,2004,364,0.086,275,32,243,3,15,0,high,owner,no,malausma,150
402203,1999,600,0.143,214,10,204,5,50,0,trad,owner,no,malausma,55
402203,2000,200,0.043,84,1,84,1,5,0,trad,owner,no,malausma,60
402203,2001,744,0.229,221,60,161,4,40,0,trad,owner,no,malausma,65
402203,2002,124,0.043,82,1,82,3,15,0,trad,owner,no,malausma,81
402203,2003,1025,0.277,720,270,450,15,125,0,trad,owner,no,malausma,140
402203,2004,784,0.186,302,106,196,10,75,0,trad,mixed,no,malausma,150
402208,1999,1240,0.571,405,135,270,20,75,0,trad,owner,mixed,malausma,50
402208,2000,164,0.071,118,1,118,5,15,0,trad,owner,mixed,malausma,60
402208,2001,1240,0.571,665,145,520,13,125,0,trad,owner,mixed,malausma,65
402208,2002,420,0.355,317,156,161,15,31,0,trad,owner,no,malausma,80
402208,2003,1800,0.464,430,210,220,15,100,0,mixed,owner,no,malausma,140
402208,2004,1600,0.321,270,10,260,10,75,0,mixed,owner,no,malausma,160
501001,1999,600,0.346,187,50,137,10,40,425,trad,owner,mixed,sukaambit,60
501001,2000,327,0.186,199,10,189,5,20,425,high,owner,mixed,sukaambit,60
501001,2001,725,0.345,310,42,268,11,35,1500,trad,owner,mixed,sukaambit,70
501001,2002,315,0.185,218,66,152,5,47,225,trad,owner,no,sukaambit,80
501001,2003,2224,0.572,793,111,682,20,195,1500,high,mixed,no,sukaambit,90
501001,2004,2520,0.606,814,122,692,22,127,2400,high,owner,yes,sukaambit,135
501008,1999,550,0.242,266,166,100,6,25,900,trad,owner,no,sukaambit,70
501008,2000,495,0.107,214,120,94,4,19,675,trad,owner,no,sukaambit,70
501008,2001,605,0.178,264,90,174,20,50,1000,trad,owner,no,sukaambit,70
501008,2002,400,0.142,266,94,172,5,90,200,high,owner,no,sukaambit,80
501008,2003,2640,1.053,702,317,385,45,235,1200,trad,mixed,no,sukaambit,100
501008,2004,3970,1.053,875,490,385,45,235,1200,high,mixed,no,sukaambit,135
501020,1999,1308,0.4,228,180,48,10,75,900,trad,owner,mixed,sukaambit,65
501020,2000,600,0.157,114,72,42,5,30,0,trad,owner,mixed,sukaambit,64
501020,2001,1230,0.385,248,168,80,12,170,600,trad,owner,mixed,sukaambit,70
501020,2002,220,0.085,112,42,70,3,38,200,high,owner,no,sukaambit,75
501020,2003,5874,1.224,422,331,91,36,240,10000,high,owner,no,sukaambit,120
501020,2004,1492,0.265,217,90,127,8,100,0,high,owner,no,sukaambit,125
501034,1999,250,0.121,136,12,124,2,10,150,trad,share,no,sukaambit,70
501034,2000,225,0.05,136,12,124,8,10,0,trad,share,no,sukaambit,70
501034,2001,200,0.5,54,12,42,2,20,1000,trad,share,no,sukaambit,70
501034,2002,120,0.08,72,6,66,2,12,350,trad,share,no,sukaambit,80
501034,2003,378,0.092,104,5,99,3,14,500,high,mixed,no,sukaambit,90
501034,2004,234,0.092,101,5,96,3,14,500,high,mixed,no,sukaambit,120
501041,1999,2420,0.4,409,290,119,18,105,0,trad,owner,no,sukaambit,70
501041,2000,2145,0.35,309,190,119,14,94,0,trad,owner,no,sukaambit,70
501041,2001,1540,0.348,292,95,197,15,80,300,trad,owner,no,sukaambit,70
501041,2002,2380,0.85,528,238,290,9,52,0,high,owner,no,sukaambit,80
501041,2003,1947,0.286,384,209,175,10,79,0,high,owner,no,sukaambit,100
501041,2004,2456,0.4,439,205,234,13,112,0,high,owner,no,sukaambit,145
501045,1999,900,0.211,166,24,142,8,50,270,mixed,owner,no,sukaambit,70
501045,2000,500,0.211,202,60,142,8,50,270,mixed,owner,no,sukaambit,70
501045,2001,1080,0.28,130,25,105,10,40,400,trad,owner,no,sukaambit,65
501045,2002,835,0.242,287,126,161,7,54,150,high,mixed,no,sukaambit,70
501045,2003,564,0.175,247,51,196,8,63,0,mixed,owner,no,sukaambit,90
501045,2004,1240,0.21,236,31,205,9,65,0,mixed,owner,no,sukaambit,135
502057,1999,600,0.164,560,308,252,5,16,300,trad,mixed,no,sukaambit,80
502057,2000,240,0.164,140,1,140,5,16,300,trad,mixed,no,sukaambit,60
502057,2001,810,0.203,156,50,106,8,25,250,trad,mixed,no,sukaambit,70
502057,2002,440,0.185,441,206,235,11,21,0,mixed,share,no,sukaambit,80
502057,2003,1175,0.349,225,105,120,16,85,800,mixed,owner,no,sukaambit,90
502057,2004,1107,0.349,225,105,120,16,85,800,trad,owner,no,sukaambit,135
502062,1999,763,0.286,381,310,71,8,50,0,trad,owner,mixed,sukaambit,50
502062,2000,654,0.186,206,40,166,8,50,0,trad,owner,mixed,sukaambit,60
502062,2001,280,0.214,120,60,60,7,40,450,trad,owner,mixed,sukaambit,70
502062,2002,660,0.19,227,102,125,6,38,250,mixed,owner,no,sukaambit,90
502062,2003,428,0.129,188,90,98,5,41,0,trad,owner,no,sukaambit,100
502062,2004,594,0.129,164,80,84,5,41,0,trad,owner,no,sukaambit,125
502080,1999,464,0.157,237,160,77,3,15,500,trad,owner,no,sukaambit,80
502080,2000,364,0.157,97,20,77,3,15,300,trad,owner,no,sukaambit,80
502080,2001,530,0.157,290,18,272,5,15,500,trad,owner,no,sukaambit,80
502080,2002,737,0.157,170,39,131,50,25,0,high,owner,no,sukaambit,80
502080,2003,654,0.186,167,60,107,7,70,750,trad,owner,no,sukaambit,101
502080,2004,598,0.186,158,60,98,7,70,750,high,owner,no,sukaambit,145.83
502081,1999,640,0.214,266,30,236,5,25,100,trad,owner,no,sukaambit,80
502081,2000,540,0.214,296,36,260,5,25,100,trad,owner,no,sukaambit,80
502081,2001,228,0.114,145,36,109,4,10,120,trad,owner,no,sukaambit,75
502081,2002,210,0.114,188,84,104,2,10,125,trad,owner,no,sukaambit,70
502081,2003,1194,0.3,490,172,318,12,65,700,mixed,mixed,no,sukaambit,100
502081,2004,1560,0.3,490,172,318,12,70,0,high,mixed,no,sukaambit,130
502112,1999,709,0.2,151,90,61,6,15,0,trad,owner,no,sukaambit,90
502112,2000,545,0.157,141,75,66,5,10,0,trad,owner,no,sukaambit,90
502112,2001,250,0.193,216,141,75,7,15,0,trad,owner,no,sukaambit,70
502112,2002,320,0.194,291,160,131,13,7,0,high,mixed,no,sukaambit,80
502112,2003,1106,0.192,216,75,141,9,28,0,high,owner,no,sukaambit,90
502112,2004,1106,0.192,180,39,141,9,28,0,trad,owner,no,sukaambit,135
503135,1999,1090,0.423,605,432,173,15,100,400,trad,mixed,no,sukaambit,70
503135,2000,545,0.137,164,76,88,6,35,175,trad,mixed,no,sukaambit,70
503135,2001,500,0.414,163,66,97,15,100,1000,trad,mixed,no,sukaambit,70
503135,2002,320,0.128,211,135,76,4,40,0,high,mixed,no,sukaambit,75
503135,2003,2168,0.272,268,180,88,12,170,1000,trad,mixed,no,sukaambit,100
503135,2004,2347,0.272,307,158,149,12,180,1000,trad,mixed,no,sukaambit,135
503136,1999,763,0.143,205,40,165,6,60,300,high,owner,no,sukaambit,70
503136,2000,763,0.143,298,115,183,6,60,300,high,owner,no,sukaambit,70
503136,2001,440,0.16,316,1,316,10,25,850,high,owner,no,sukaambit,70
503136,2002,385,0.099,253,123,130,5,25,0,high,mixed,no,sukaambit,90
503136,2003,640,0.242,276,15,261,7,50,750,high,owner,no,sukaambit,90
503136,2004,1325,0.215,273,20,253,7,50,750,high,owner,no,sukaambit,125
503143,1999,200,0.078,77,1,77,2,8,120,trad,owner,no,sukaambit,80
503143,2000,100,0.028,77,1,77,2,8,60,trad,owner,no,sukaambit,80
503143,2001,100,0.028,70,1,70,2,6,250,trad,owner,no,sukaambit,70
503143,2002,100,0.028,31,5,26,1,10,0,trad,owner,no,sukaambit,75
503143,2003,476,0.129,127,15,112,7,75,600,mixed,owner,no,sukaambit,100
503143,2004,802,0.129,166,15,151,7,75,0,mixed,owner,no,sukaambit,120
504161,1999,1090,0.357,481,215,266,16,40,0,trad,owner,no,sukaambit,70
504161,2000,436,0.142,191,8,183,3,1,0,trad,owner,no,sukaambit,60
504161,2001,1200,0.511,394,130,264,30,100,700,trad,owner,no,sukaambit,70
504161,2002,460,0.185,154,24,130,10,17,1400,trad,owner,no,sukaambit,75
504161,2003,1836,0.372,234,132,102,20,62,310,high,owner,no,sukaambit,100
504161,2004,2992,0.844,936,558,378,37,140,500,mixed,owner,no,sukaambit,135
504162,1999,273,0.1,80,10,70,3,20,150,trad,owner,no,sukaambit,80
504162,2000,273,0.057,69,10,59,2,20,0,high,owner,no,sukaambit,85
504162,2001,380,0.093,69,24,45,4,30,0,trad,owner,no,sukaambit,75
504162,2002,150,0.092,104,20,84,6,32,450,trad,owner,no,sukaambit,80
504162,2003,603,0.107,129,36,93,5,31,800,trad,share,no,sukaambit,90
504162,2004,1257,0.213,230,53,177,10,71,1600,high,share,no,sukaambit,135
504167,1999,350,0.084,126,12,114,4,20,150,trad,share,no,sukaambit,70
504167,2000,250,0.055,120,6,114,2,10,150,trad,share,no,sukaambit,70
504167,2001,430,0.124,106,54,52,5,15,600,trad,share,no,sukaambit,70
504167,2002,360,0.121,88,12,76,2,25,100,high,share,no,sukaambit,80
504167,2003,1276,0.222,342,28,314,10,74,450,high,mixed,no,sukaambit,90
504167,2004,1350,0.222,233,12,221,10,61,0,mixed,mixed,no,sukaambit,120
504168,1999,273,0.071,69,42,27,3,15,150,trad,owner,mixed,sukaambit,75
504168,2000,273,0.071,87,60,27,3,15,150,high,owner,mixed,sukaambit,75
504168,2001,436,0.143,131,98,33,6,50,600,trad,owner,mixed,sukaambit,75
504168,2002,310,0.057,104,58,46,3,25,200,high,share,no,sukaambit,80
504168,2003,1834,0.358,283,250,33,14,100,750,high,owner,no,sukaambit,100
504168,2004,1834,0.358,268,250,18,14,100,750,high,owner,no,sukaambit,135
504169,1999,610,0.185,162,30,132,10,80,800,trad,owner,no,sukaambit,65
504169,2000,500,0.114,181,80,101,6,80,700,trad,owner,no,sukaambit,65
504169,2001,850,0.214,113,30,83,12,50,670,mixed,owner,no,sukaambit,75
504169,2002,210,0.085,203,16,187,3,16,150,high,share,no,sukaambit,80
504169,2003,792,0.212,243,108,135,9,109,500,high,share,yes,sukaambit,90
504169,2004,766,0.212,242,128,114,9,100,500,trad,share,yes,sukaambit,125
504197,1999,440,0.178,192,102,90,8,30,450,trad,mixed,no,sukaambit,70
504197,2000,220,0.093,120,44,76,2,5,150,trad,mixed,no,sukaambit,70
504197,2001,350,0.187,143,72,71,12,30,850,trad,mixed,no,sukaambit,75
504197,2002,220,0.074,88,40,48,2,13,150,high,owner,no,sukaambit,75
504197,2003,1118,0.194,257,101,156,8,47,750,high,mixed,no,sukaambit,90
504197,2004,1431,0.315,385,146,239,13,114,300,mixed,mixed,no,sukaambit,135
504201,1999,2180,0.7,609,329,280,20,100,400,trad,share,mixed,sukaambit,70
504201,2000,545,0.143,102,47,55,5,20,300,trad,share,mixed,sukaambit,60
504201,2001,995,0.7,240,176,64,20,100,600,trad,share,mixed,sukaambit,70
504201,2002,520,0.171,173,58,115,5,37,900,trad,mixed,mixed,sukaambit,80
504201,2003,1518,0.521,312,131,181,13,105,2300,high,mixed,yes,sukaambit,90
504201,2004,220,0.057,58,8,50,2,15,300,high,share,no,sukaambit,125
504204,1999,2344,0.591,534,368,166,23,150,680,trad,owner,no,sukaambit,65
504204,2000,1199,0.204,231,151,80,10,100,0,trad,owner,no,sukaambit,60
504204,2001,1045,0.596,313,258,55,20,200,2100,trad,owner,no,sukaambit,70
504204,2002,1205,0.317,398,310,88,12,100,300,high,mixed,mixed,sukaambit,75
504204,2003,2750,0.472,512,292,220,16,222,1625,high,owner,no,sukaambit,100
504204,2004,3441,0.435,642,398,244,22,297,2375,high,owner,no,sukaambit,145
601005,1999,220,0.054,74,40,34,3,15,0,trad,owner,no,ciwangi,70
601005,2000,220,0.054,74,40,34,3,15,0,trad,owner,no,ciwangi,75
601005,2001,220,0.06,76,35,41,4,16,0,trad,owner,no,ciwangi,70
601005,2002,160,0.06,161,55,106,4,18,0,trad,owner,no,ciwangi,70
601005,2003,100,0.029,49,1,49,2,15,0,trad,owner,no,ciwangi,120
601005,2004,180,0.069,59,1,59,2,15,0,trad,owner,no,ciwangi,135
601010,1999,1210,0.357,364,320,44,16,60,0,trad,mixed,mixed,ciwangi,70
601010,2000,1100,0.357,374,325,49,16,60,0,trad,mixed,mixed,ciwangi,75
601010,2001,1392,0.47,400,105,295,14,115,0,trad,mixed,mixed,ciwangi,70
601010,2002,1100,0.47,610,255,355,25,75,0,trad,mixed,mixed,ciwangi,80
601010,2003,1438,0.339,393,40,353,14,76,0,high,mixed,yes,ciwangi,120
601010,2004,1210,0.339,408,90,318,7,76,0,high,mixed,yes,ciwangi,135
601016,1999,3600,1.628,1950,1540,410,70,250,1000,trad,owner,yes,ciwangi,70
601016,2000,2750,1.057,1340,1045,295,40,250,1000,trad,owner,yes,ciwangi,80
601016,2001,4000,1.4,1020,700,320,47,275,0,trad,owner,yes,ciwangi,75
601016,2002,2100,1,1120,670,450,40,250,0,trad,owner,mixed,ciwangi,80
601016,2003,4180,0.98,1364,1235,129,38,190,3000,mixed,owner,yes,ciwangi,120
601016,2004,1760,0.55,455,395,60,22,106,1500,mixed,owner,yes,ciwangi,135
602034,1999,350,0.107,115,50,65,4,15,0,trad,owner,no,ciwangi,70
602034,2000,330,0.107,139,55,84,4,15,0,trad,owner,no,ciwangi,90
602034,2001,335,0.104,45,15,30,5,20,0,trad,owner,no,ciwangi,70
602034,2002,275,0.104,177,83,94,5,10,0,trad,owner,no,ciwangi,80
602034,2003,330,0.104,110,40,70,8,50,500,trad,owner,no,ciwangi,120
602034,2004,300,0.175,110,40,70,8,50,500,trad,mixed,no,ciwangi,135
603043,1999,495,0.135,180,145,35,8,20,0,trad,owner,no,ciwangi,65
603043,2000,440,0.135,108,75,33,8,20,0,trad,owner,no,ciwangi,70
603043,2001,310,0.2,97,55,42,9,9,0,trad,owner,no,ciwangi,80
603043,2002,390,0.2,138,115,23,4,13,0,trad,owner,no,ciwangi,80
603043,2003,550,0.143,216,180,36,14,30,0,trad,owner,no,ciwangi,120
603043,2004,375,0.143,216,180,36,14,30,0,trad,owner,no,ciwangi,150
603052,1999,550,0.286,204,170,34,5,25,0,trad,share,no,ciwangi,70
603052,2000,495,0.286,239,205,34,5,25,0,trad,share,no,ciwangi,75
603052,2001,520,0.286,185,125,60,8,1,0,trad,share,no,ciwangi,70
603052,2002,350,0.14,259,135,124,8,1,0,trad,share,no,ciwangi,80
603052,2003,605,0.143,132,70,62,5,30,0,trad,owner,no,ciwangi,120
603052,2004,550,0.143,126,55,71,5,30,0,trad,owner,no,ciwangi,135
603053,1999,440,0.184,111,40,71,10,40,0,trad,owner,no,ciwangi,65
603053,2000,240,0.184,111,40,71,10,40,0,trad,owner,no,ciwangi,70
603053,2001,310,0.143,101,20,81,10,50,0,trad,owner,no,ciwangi,80
603053,2002,550,0.214,295,190,105,10,50,0,trad,owner,no,ciwangi,75
603053,2003,2365,0.667,706,580,126,32,300,0,trad,mixed,no,ciwangi,120
603053,2004,2420,0.667,906,880,126,32,300,0,trad,mixed,no,ciwangi,145
603062,1999,275,0.2,215,100,115,10,10,0,trad,owner,no,ciwangi,70
603062,2000,300,0.2,220,100,120,10,15,0,trad,owner,no,ciwangi,80
603062,2001,350,0.186,121,20,101,5,15,250,trad,owner,no,ciwangi,80
603062,2002,320,0.2,185,40,145,15,10,0,trad,owner,no,ciwangi,80
603062,2003,740,0.243,387,200,187,12,39,0,trad,owner,no,ciwangi,120
603062,2004,830,0.243,417,205,212,12,39,0,trad,owner,no,ciwangi,150
603065,1999,2200,0.957,1844,610,1234,40,100,0,trad,owner,no,ciwangi,65
603065,2000,1740,0.742,1359,375,984,80,100,0,trad,owner,no,ciwangi,75
603065,2001,4540,1.215,678,448,230,56,140,0,trad,owner,no,ciwangi,75
603065,2002,1300,0.714,665,260,405,30,75,0,trad,owner,no,ciwangi,70
603065,2003,550,0.215,215,140,75,8,35,0,trad,owner,no,ciwangi,120
603065,2004,935,0.429,398,248,150,20,75,0,trad,owner,no,ciwangi,135
603067,1999,610,0.235,485,300,185,15,50,0,trad,owner,mixed,ciwangi,70
603067,2000,550,0.235,470,300,170,15,50,0,trad,owner,mixed,ciwangi,85
603067,2001,640,0.313,231,130,101,20,50,0,trad,owner,mixed,ciwangi,60
603067,2002,680,0.315,270,160,110,10,50,125,trad,owner,no,ciwangi,80
603067,2003,1116,0.358,598,165,433,24,112,0,trad,owner,no,ciwangi,120
603067,2004,2575,0.644,1019,325,694,41,202,0,trad,mixed,yes,ciwangi,135
603068,1999,1000,0.303,805,290,515,15,1,0,trad,mixed,no,ciwangi,60
603068,2000,800,0.303,765,215,550,15,1,0,trad,mixed,no,ciwangi,60
603068,2001,720,0.507,192,150,42,15,8,0,trad,mixed,no,ciwangi,80
603068,2002,975,0.607,705,425,280,20,3,0,trad,owner,no,ciwangi,80
603068,2003,2112,0.725,710,520,190,41,145,0,trad,mixed,no,ciwangi,120
603068,2004,1375,0.574,565,410,155,41,104,0,trad,mixed,no,ciwangi,135
603070,1999,440,0.143,164,40,124,5,1,0,trad,share,no,ciwangi,65
603070,2000,330,0.143,179,40,139,5,1,0,trad,share,no,ciwangi,70
603070,2001,240,0.142,98,1,98,6,1,0,trad,share,no,ciwangi,80
603070,2002,150,0.141,136,1,136,10,1,0,trad,share,no,ciwangi,80
603070,2003,952,0.215,293,60,233,16,50,0,trad,share,no,ciwangi,120
603070,2004,756,0.215,363,60,303,16,50,0,trad,share,no,ciwangi,135
604074,1999,1210,0.286,200,80,120,10,40,0,trad,owner,mixed,ciwangi,65
604074,2000,1100,0.286,200,80,120,10,40,0,trad,owner,mixed,ciwangi,70
604074,2001,690,0.286,160,135,25,20,75,0,trad,owner,mixed,ciwangi,75
604074,2002,1110,0.586,425,270,155,16,50,0,trad,owner,no,ciwangi,80
604074,2003,1100,0.357,461,370,91,16,40,0,trad,owner,yes,ciwangi,120
604074,2004,880,0.357,461,370,91,16,40,0,trad,owner,yes,ciwangi,135
605108,1999,350,0.071,74,30,44,6,20,0,trad,owner,yes,ciwangi,70
605108,2000,425,0.071,100,10,90,6,20,0,trad,owner,yes,ciwangi,70
605108,2001,280,0.071,60,1,60,4,18,160,trad,owner,yes,ciwangi,60
605108,2002,150,0.077,72,10,62,3,5,0,trad,owner,no,ciwangi,80
605108,2003,222,0.072,145,70,75,3,15,0,trad,owner,no,ciwangi,120
605108,2004,195,0.072,135,60,75,3,15,0,trad,owner,no,ciwangi,135
605109,1999,2200,0.571,690,620,70,16,150,0,trad,mixed,mixed,ciwangi,70
605109,2000,550,0.143,74,30,44,4,40,0,trad,mixed,mixed,ciwangi,75
605109,2001,980,0.366,249,75,174,25,150,900,trad,mixed,mixed,ciwangi,60
605109,2002,900,0.366,475,250,225,115,100,0,trad,mixed,yes,ciwangi,90
605109,2003,1100,0.343,340,245,95,14,120,0,trad,owner,yes,ciwangi,120
605109,2004,990,0.343,350,245,105,14,120,0,trad,owner,yes,ciwangi,135
605116,1999,990,0.214,145,125,20,6,60,0,trad,owner,no,ciwangi,70
605116,2000,880,0.214,170,150,20,8,60,0,trad,owner,no,ciwangi,70
605116,2001,930,0.271,350,90,260,8,60,0,trad,owner,no,ciwangi,60
605116,2002,1000,0.271,338,175,163,10,60,0,trad,owner,yes,ciwangi,85
605116,2003,1485,0.3,268,140,128,10,100,0,trad,owner,yes,ciwangi,120
605116,2004,1500,0.3,372,130,242,10,100,0,trad,owner,yes,ciwangi,135
606133,1999,770,0.143,174,100,74,5,40,0,trad,mixed,no,ciwangi,70
606133,2000,715,0.143,124,50,74,5,40,0,trad,mixed,no,ciwangi,75
606133,2001,570,0.148,149,1,149,7,39,0,trad,mixed,no,ciwangi,60
606133,2002,535,0.142,60,20,40,7,25,0,trad,mixed,no,ciwangi,70
606133,2003,460,0.077,77,28,49,10,20,0,trad,owner,no,ciwangi,130
606133,2004,525,0.077,77,28,49,10,20,0,trad,owner,no,ciwangi,135
606145,1999,1320,0.286,305,280,25,10,75,0,trad,owner,no,ciwangi,65
606145,2000,1320,0.286,305,280,25,10,75,0,trad,owner,no,ciwangi,70
606145,2001,1580,0.429,253,140,113,18,75,0,trad,owner,no,ciwangi,70
606145,2002,900,0.286,222,140,82,10,60,0,trad,owner,no,ciwangi,70
606145,2003,2150,0.486,419,190,229,28,65,15000,trad,mixed,no,ciwangi,130
606145,2004,2035,0.486,416,140,276,28,115,0,trad,mixed,no,ciwangi,145
606147,1999,1100,0.429,250,200,50,16,100,0,trad,mixed,mixed,ciwangi,65
606147,2000,990,0.429,280,230,50,16,100,0,trad,mixed,mixed,ciwangi,70
606147,2001,950,0.286,185,20,165,15,75,0,trad,mixed,mixed,ciwangi,60
606147,2002,1280,0.25,146,70,76,10,75,250,trad,mixed,yes,ciwangi,80
606147,2003,960,0.179,255,140,115,9,50,8350,high,owner,no,ciwangi,120
606147,2004,855,0.179,279,130,149,9,50,500,high,owner,no,ciwangi,125
606151,1999,880,0.286,320,250,70,12,50,0,trad,mixed,no,ciwangi,70
606151,2000,770,0.286,470,390,80,15,50,0,trad,mixed,no,ciwangi,75
606151,2001,1340,0.357,350,125,225,15,100,0,trad,mixed,no,ciwangi,60
606151,2002,1105,0.286,285,135,150,10,100,0,trad,mixed,no,ciwangi,70
606151,2003,1100,0.157,179,40,139,8,45,6600,trad,owner,yes,ciwangi,120
606151,2004,990,0.157,176,25,151,8,60,0,trad,owner,yes,ciwangi,135
607164,1999,2090,0.571,684,654,30,20,120,0,trad,owner,yes,ciwangi,60
607164,2000,2200,0.571,684,654,30,20,120,0,trad,owner,yes,ciwangi,70
607164,2001,2500,0.658,336,240,96,20,225,0,trad,owner,yes,ciwangi,70
607164,2002,2310,0.5,755,605,150,25,250,0,trad,owner,no,ciwangi,80
607164,2003,2585,0.472,688,593,95,30,135,20625,high,owner,no,ciwangi,120
607164,2004,2750,0.472,605,510,95,30,140,0,high,owner,no,ciwangi,135
607167,1999,4500,0.852,1670,1280,390,40,250,1200,trad,owner,no,ciwangi,70
607167,2000,4000,0.852,1595,1205,390,45,250,100,trad,owner,no,ciwangi,70
607167,2001,4050,1.025,1044,800,244,50,300,1000,trad,owner,no,ciwangi,70
607167,2002,2200,1.025,1315,1075,240,40,300,0,trad,owner,no,ciwangi,80
607167,2003,7150,1.092,1100,1010,90,40,375,44800,trad,owner,yes,ciwangi,130
607167,2004,7150,1.093,1300,1210,90,40,375,0,high,owner,yes,ciwangi,135
607168,1999,9000,1.9,2695,2275,420,65,400,1200,trad,owner,yes,ciwangi,80
607168,2000,9000,1.9,2525,2185,340,64,350,1200,trad,owner,yes,ciwangi,70
607168,2001,4400,1.816,927,700,227,60,300,0,trad,owner,yes,ciwangi,70
607168,2002,3500,1.816,1395,1100,295,60,450,0,trad,owner,mixed,ciwangi,80
607168,2003,11589,1.945,1378,1280,98,55,400,62600,high,owner,no,ciwangi,120
607168,2004,11589,1.945,1878,1780,98,55,400,0,high,owner,no,ciwangi,145
607170,1999,1100,0.286,215,150,65,15,75,0,trad,mixed,yes,ciwangi,60
607170,2000,1210,0.286,200,140,60,15,75,0,trad,mixed,yes,ciwangi,65
607170,2001,1870,0.341,478,210,268,14,110,0,trad,mixed,yes,ciwangi,60
607170,2002,770,0.341,345,150,195,15,100,0,trad,owner,yes,ciwangi,80
607170,2003,2640,0.486,469,220,249,33,150,9565,trad,mixed,no,ciwangi,120
607170,2004,2120,0.486,469,220,249,33,150,525,trad,mixed,no,ciwangi,135
607188,1999,4400,0.857,1145,1015,130,25,200,0,trad,owner,mixed,ciwangi,65
607188,2000,4950,0.857,1295,1165,130,25,200,0,trad,owner,mixed,ciwangi,70
607188,2001,2200,0.858,640,480,160,25,100,0,trad,owner,mixed,ciwangi,70
607188,2002,3800,1.071,1700,1330,370,35,250,0,trad,owner,yes,ciwangi,85
607188,2003,4125,0.858,1301,1159,142,25,200,24000,trad,owner,yes,ciwangi,120
607188,2004,4125,0.858,1301,1159,142,25,200,0,trad,owner,yes,ciwangi,100
607195,1999,330,0.071,75,25,50,3,25,0,trad,owner,no,ciwangi,65
607195,2000,330,0.071,75,25,50,3,25,0,trad,owner,no,ciwangi,70
607195,2001,250,0.071,68,30,38,3,16,0,trad,owner,no,ciwangi,60
607195,2002,100,0.071,51,1,51,2,20,0,trad,owner,no,ciwangi,85
607195,2003,960,0.182,176,90,86,10,35,0,trad,owner,no,ciwangi,120
607195,2004,1408,0.325,345,140,205,18,60,0,trad,mixed,no,ciwangi,135
608205,1999,1650,0.5,333,300,33,15,150,0,mixed,owner,mixed,ciwangi,80
608205,2000,1540,0.5,208,175,33,15,150,0,trad,owner,mixed,ciwangi,85
608205,2001,2860,0.571,767,480,287,25,250,2900,trad,owner,mixed,ciwangi,60
608205,2002,2370,0.786,938,675,263,25,150,1200,trad,owner,mixed,ciwangi,80
608205,2003,2420,0.801,715,550,165,24,500,3000,trad,mixed,yes,ciwangi,120
608205,2004,2200,0.801,715,550,165,24,500,0,trad,mixed,yes,ciwangi,135
608207,1999,3300,0.714,545,500,45,25,150,0,trad,owner,yes,ciwangi,60
608207,2000,3410,0.714,520,475,45,25,150,0,trad,owner,yes,ciwangi,65
608207,2001,2403,0.715,603,355,248,35,125,0,trad,owner,yes,ciwangi,70
608207,2002,2200,0.715,655,605,50,32,100,0,trad,owner,yes,ciwangi,85
608207,2003,3000,0.429,435,410,25,20,100,0,trad,owner,yes,ciwangi,120
608207,2004,3000,0.249,435,410,25,20,100,0,trad,owner,yes,ciwangi,145
608215,1999,3250,0.428,580,385,195,14,125,0,trad,owner,mixed,ciwangi,65
608215,2000,3000,0.428,645,445,200,16,80,0,trad,owner,mixed,ciwangi,80
608215,2001,2700,0.4,504,220,284,17,150,0,trad,owner,mixed,ciwangi,70
608215,2002,1350,0.428,485,200,285,20,120,0,trad,owner,yes,ciwangi,80
608215,2003,2090,0.3,252,175,77,13,80,0,trad,owner,yes,ciwangi,120
608215,2004,1870,0.3,266,175,91,13,80,0,trad,owner,yes,ciwangi,135
609227,1999,1312,0.328,790,500,290,12,150,0,trad,mixed,yes,ciwangi,65
609227,2000,340,0.071,150,65,85,5,25,0,trad,mixed,yes,ciwangi,70
609227,2001,1888,0.54,599,360,239,20,125,0,trad,mixed,yes,ciwangi,70
609227,2002,600,0.33,403,190,213,5,75,0,trad,mixed,no,ciwangi,80
609227,2003,1565,0.35,332,230,102,18,75,0,trad,mixed,yes,ciwangi,120
609227,2004,1280,0.35,320,140,180,20,75,0,trad,mixed,yes,ciwangi,135
609231,1999,660,0.178,225,145,80,5,35,0,trad,mixed,yes,ciwangi,90
609231,2000,450,0.178,210,135,75,6,35,0,trad,mixed,yes,ciwangi,80
609231,2001,770,0.25,165,60,105,8,50,0,trad,mixed,yes,ciwangi,70
609231,2002,260,0.244,144,60,84,6,1,0,trad,mixed,no,ciwangi,80
609231,2003,445,0.107,71,30,41,7,40,0,trad,owner,yes,ciwangi,120
609231,2004,275,0.107,91,45,46,5,40,0,trad,owner,yes,ciwangi,135
609234,1999,2330,0.5,420,335,85,20,200,1000,trad,owner,yes,ciwangi,65
609234,2000,1400,0.25,245,190,55,20,100,500,trad,owner,yes,ciwangi,75
609234,2001,2283,0.714,338,275,63,23,150,1500,trad,owner,yes,ciwangi,70
609234,2002,1210,0.5,392,345,47,25,25,60,trad,owner,no,ciwangi,70
609234,2003,3305,0.658,913,735,178,18,200,0,mixed,owner,no,ciwangi,120
609234,2004,2843,0.336,355,295,60,10,100,620,high,owner,no,ciwangi,145
609241,1999,330,0.1,115,70,45,5,20,0,trad,mixed,no,ciwangi,70
609241,2000,275,0.01,145,90,55,5,20,0,trad,mixed,no,ciwangi,75
609241,2001,385,0.1,138,30,108,10,12,0,trad,mixed,no,ciwangi,80
609241,2002,250,0.1,128,1,128,4,18,0,trad,mixed,no,ciwangi,70
609241,2003,1295,0.4,730,175,555,13,83,0,trad,mixed,no,ciwangi,120
609241,2004,450,0.157,300,30,270,5,27,0,trad,owner,no,ciwangi,135
609242,1999,150,0.05,85,25,60,4,15,0,trad,owner,mixed,ciwangi,70
609242,2000,100,0.029,54,15,39,2,5,0,trad,owner,mixed,ciwangi,75
609242,2001,200,0.05,50,1,50,2,12,0,trad,owner,mixed,ciwangi,70
609242,2002,90,0.05,37,1,37,2,10,0,trad,owner,no,ciwangi,80
609242,2003,760,0.1,189,65,124,4,55,0,trad,mixed,no,ciwangi,120
609242,2004,430,0.1,185,65,120,4,35,0,trad,mixed,no,ciwangi,135
609244,1999,750,0.214,265,120,145,5,50,0,trad,owner,mixed,ciwangi,80
609244,2000,500,0.142,210,80,130,8,25,0,trad,owner,mixed,ciwangi,80
609244,2001,666,0.174,278,1,278,10,50,0,trad,owner,mixed,ciwangi,70
609244,2002,530,0.143,186,65,121,4,35,0,trad,owner,no,ciwangi,80
609244,2003,874,0.215,270,30,240,8,75,0,mixed,owner,no,ciwangi,120
609244,2004,400,0.243,239,20,219,5,50,0,trad,owner,no,ciwangi,137
609245,1999,600,0.2,235,145,90,7,70,0,trad,owner,mixed,ciwangi,70
609245,2000,710,0.2,220,130,90,7,70,0,trad,owner,mixed,ciwangi,70
609245,2001,650,0.286,241,90,151,8,85,300,trad,owner,mixed,ciwangi,70
609245,2002,645,0.286,242,170,72,8,70,0,trad,owner,yes,ciwangi,80
609245,2003,3760,0.786,941,630,311,22,158,0,mixed,mixed,yes,ciwangi,120
609245,2004,2750,0.501,706,445,261,14,93,0,trad,mixed,yes,ciwangi,135
